Date,T2M,PRECTOT,RH2M,WS2M,ALLSKY_SFC_SW_DWN,TMAX,TMIN
2020-01-01,98.5,1.95,2.56,2.06,0.68,0.25,3.87
2020-01-02,98.44,4.84,2.26,2.84,0.68,2.63,6.69
2020-01-03,94.06,6.97,2.95,4.41,1.01,1.9,11.44
2020-01-04,94.56,3.88,4.81,2.08,0.18,0.15,8.65
2020-01-05,92.31,4.1,3.89,0.99,0.11,-0.92,8.27
2020-01-06,90.31,2.28,5.93,3.38,0.14,-1.18,6.3
2020-01-07,98.19,6.58,2.43,2.77,0.38,4.12,8.7
2020-01-08,96.25,9.7,1.83,3.41,1.02,8.81,11.37
2020-01-09,91.5,9.87,1.78,5.47,8.04,7.98,12.47
2020-01-10,92.5,5.6,2.73,3.23,0.8,1.3,8.28
2020-01-11,91.56,2.94,4.36,2.76,0.01,0.26,7.19
2020-01-12,94.38,4.76,3.14,4.01,0.16,1.24,7.97
2020-01-13,93.88,6.51,2.06,4.64,0.42,5.23,7.84
2020-01-14,81.19,7.62,2.16,7.71,1.57,5.61,9.28
2020-01-15,89.75,7.51,3.33,5.25,1.16,4.53,12.09
2020-01-16,91.38,7.19,6.34,3.96,0.12,3.67,12.87
2020-01-17,91.44,6.59,3.86,4.16,2.38,3.24,9.76
2020-01-18,93.19,3.14,6.07,2.4,0.12,-1.56,7.55
2020-01-19,89.81,2.58,5.69,3.62,0.05,-1.47,7.13
2020-01-20,92.0,1.65,7.07,3.12,0.12,-0.81,5.98
2020-01-21,91.88,-0.79,6.98,1.91,0.03,-3.67,4.26
2020-01-22,93.25,-1.38,7.03,2.45,0.07,-3.17,3.4
2020-01-23,92.19,-0.73,6.24,2.92,0.06,-3.42,4.14
2020-01-24,96.94,-0.17,6.38,1.05,0.23,-2.35,1.67
2020-01-25,94.94,3.62,4.81,1.8,0.08,0.86,7.94
2020-01-26,96.56,4.92,4.05,3.44,1.87,2.67,6.82
2020-01-27,93.44,7.2,1.57,5.84,7.79,6.22,8.08
2020-01-28,86.0,5.39,5.39,6.7,6.72,3.38,7.15
2020-01-29,90.69,5.13,5.28,4.12,0.28,3.28,9.37
2020-01-30,95.88,7.83,1.96,4.84,3.36,4.28,11.91
2020-01-31,93.25,10.73,5.44,4.34,0.48,8.69,13.08
2020-02-01,89.62,11.32,4.92,5.36,11.84,9.89,14.16
2020-02-02,89.81,12.3,2.42,4.92,11.17,9.9,16.22
2020-02-03,92.94,10.68,2.43,4.12,13.04,5.83,12.23
2020-02-04,83.81,5.62,5.77,5.5,0.71,3.01,8.43
2020-02-05,88.25,4.72,5.84,1.69,0.12,1.96,9.27
2020-02-06,83.62,3.05,9.62,1.91,0.02,-1.01,9.32
2020-02-07,88.12,3.37,9.27,2.97,0.03,-2.74,10.76
2020-02-08,94.88,6.35,3.64,3.38,1.61,3.6,10.03
2020-02-09,88.69,9.44,4.16,9.52,5.82,5.63,12.99
2020-02-10,74.12,9.62,7.14,9.5,5.34,7.08,12.2
2020-02-11,82.12,5.53,7.7,6.66,2.53,1.88,8.69
2020-02-12,87.38,4.76,7.9,4.45,0.36,1.76,9.05
2020-02-13,84.38,7.02,5.87,7.34,6.97,3.3,11.55
2020-02-14,85.69,8.23,5.44,3.34,0.37,6.09,12.37
2020-02-15,85.88,9.12,9.25,5.73,0.24,5.85,13.37
2020-02-16,79.19,12.4,7.1,9.09,8.71,8.01,16.43
2020-02-17,82.06,8.11,7.82,5.68,1.08,4.43,11.13
2020-02-18,82.62,6.55,9.24,5.41,1.28,3.31,10.4
2020-02-19,84.94,6.91,7.43,4.54,4.45,4.66,9.44
2020-02-20,89.69,7.47,4.07,5.53,2.81,2.73,11.37
2020-02-21,82.94,4.96,10.01,3.88,0.04,1.45,10.53
2020-02-22,87.75,7.51,9.57,5.28,0.88,2.26,12.73
2020-02-23,90.44,11.12,2.82,6.43,1.64,8.33,14.47
2020-02-24,87.0,10.69,5.08,5.84,4.09,8.7,13.46
2020-02-25,82.06,7.9,8.37,5.66,4.61,3.98,10.65
2020-02-26,82.31,4.14,9.46,5.38,4.56,1.95,7.69
2020-02-27,90.25,3.44,4.66,5.62,12.28,-0.03,7.09
2020-02-28,93.62,4.34,5.64,4.59,2.08,-1.07,9.39
2020-02-29,81.38,8.19,7.05,7.01,3.2,5.09,10.87
2020-03-01,92.25,5.62,4.94,4.91,11.79,3.4,9.48
2020-03-02,89.56,4.8,5.36,4.77,5.84,1.86,9.4
2020-03-03,92.31,3.34,9.48,2.93,0.78,1.5,7.25
2020-03-04,91.44,4.58,6.96,3.53,3.17,1.73,7.9
2020-03-05,89.88,8.64,4.89,5.15,16.76,5.47,13.61
2020-03-06,81.31,5.26,8.12,4.25,1.57,0.28,9.7
2020-03-07,84.81,5.93,11.88,2.7,0.11,0.23,11.34
2020-03-08,92.25,7.68,6.1,4.89,3.45,5.01,10.73
2020-03-09,83.44,7.2,11.98,4.2,1.71,4.66,11.24
2020-03-10,91.56,11.25,3.98,6.12,4.67,6.11,15.0
2020-03-11,83.25,12.82,9.87,5.98,0.28,9.93,16.81
2020-03-12,76.25,9.27,8.59,5.12,1.03,3.8,12.52
2020-03-13,78.75,6.44,15.17,3.14,0.06,2.37,11.9
2020-03-14,89.69,6.87,8.38,3.09,1.39,2.86,10.54
2020-03-15,83.06,9.22,15.19,3.33,0.05,5.7,15.66
2020-03-16,91.56,8.05,8.62,1.44,0.51,5.39,11.65
2020-03-17,80.19,10.01,9.19,1.05,0.03,4.64,15.55
2020-03-18,78.56,11.98,10.84,1.26,0.03,6.81,17.59
2020-03-19,81.06,12.51,16.0,1.55,0.3,5.44,18.93
2020-03-20,82.31,11.44,14.6,3.94,1.29,6.12,17.15
2020-03-21,82.75,6.37,6.14,5.1,0.51,3.69,9.65
2020-03-22,70.19,5.64,11.46,5.65,0.1,1.81,10.92
2020-03-23,67.06,3.65,19.43,4.29,0.0,-2.31,10.9
2020-03-24,66.81,3.12,19.88,3.38,0.0,-4.14,11.27
2020-03-25,67.38,3.72,19.82,3.16,0.0,-4.13,11.62
2020-03-26,68.62,3.44,19.01,3.48,0.0,-2.63,9.9
2020-03-27,75.81,6.26,17.07,2.59,0.0,-0.49,13.16
2020-03-28,79.81,8.33,17.41,3.81,0.01,2.66,16.11
2020-03-29,65.0,4.22,12.39,6.73,0.05,-0.12,8.08
2020-03-30,61.44,2.72,21.2,5.24,0.0,-3.77,9.12
2020-03-31,76.94,4.89,19.25,3.63,0.05,0.07,11.7
2020-04-01,71.94,4.5,20.86,2.12,0.0,-2.78,12.37
2020-04-02,78.38,4.91,18.3,2.23,0.02,-2.08,11.89
2020-04-03,83.31,8.48,11.13,1.64,0.47,3.38,13.88
2020-04-04,74.06,9.79,21.36,2.41,0.02,4.41,16.44
2020-04-05,71.69,11.4,22.1,3.04,0.0,2.99,20.48
2020-04-06,78.75,11.68,14.32,3.06,1.38,5.9,17.97
2020-04-07,79.88,13.69,17.4,2.48,0.04,7.11,20.7
2020-04-08,68.69,15.75,20.83,1.15,0.0,7.53,23.43
2020-04-09,64.56,16.33,20.01,1.37,0.0,10.3,23.62
2020-04-10,74.0,15.53,19.81,1.79,0.01,7.69,23.62
2020-04-11,68.19,16.46,17.81,1.21,0.01,8.77,23.69
2020-04-12,64.25,16.58,16.52,1.48,0.2,10.89,23.62
2020-04-13,69.0,10.94,19.63,4.95,0.01,3.28,16.24
2020-04-14,66.5,6.37,24.36,3.9,0.0,0.23,12.72
2020-04-15,67.69,9.53,23.77,2.98,0.0,1.22,17.73
2020-04-16,71.38,15.11,21.75,1.65,0.04,6.62,21.78
2020-04-17,76.25,16.96,18.49,1.78,2.7,11.26,22.94
2020-04-18,81.12,15.93,18.91,1.96,2.19,11.14,21.15
2020-04-19,81.19,13.46,19.59,3.14,0.35,8.79,18.98
2020-04-20,69.06,13.98,21.76,4.44,0.0,8.71,19.81
2020-04-21,68.38,13.62,17.56,3.78,0.04,8.4,19.2
2020-04-22,69.25,13.98,24.31,3.0,0.0,7.83,20.83
2020-04-23,66.38,15.74,24.63,1.05,0.0,6.74,23.62
2020-04-24,67.12,16.55,19.22,1.7,0.05,11.09,23.09
2020-04-25,68.62,12.69,18.4,2.69,0.0,7.04,19.25
2020-04-26,65.38,12.05,25.99,1.62,0.0,3.44,19.17
2020-04-27,69.62,15.53,22.01,1.4,1.65,7.08,21.64
2020-04-28,78.5,14.23,14.98,4.12,2.89,11.15,18.15
2020-04-29,82.5,12.07,13.64,4.42,6.61,9.39,16.19
2020-04-30,80.88,10.59,13.93,5.02,6.7,7.65,13.6
2020-05-01,77.81,10.87,14.08,4.37,2.83,6.42,15.83
2020-05-02,73.19,10.83,17.68,2.63,0.28,5.29,16.7
2020-05-03,86.69,11.86,12.2,1.88,0.88,6.41,17.14
2020-05-04,82.12,13.48,16.01,2.27,0.19,8.97,18.51
2020-05-05,80.56,11.41,10.49,3.46,5.52,7.9,15.16
2020-05-06,69.19,12.74,25.58,2.1,0.0,5.5,19.47
2020-05-07,64.56,13.53,25.16,1.43,0.0,4.85,20.63
2020-05-08,69.0,15.42,19.14,1.5,0.93,8.35,22.36
2020-05-09,83.25,16.19,15.27,1.69,3.96,13.12,20.35
2020-05-10,86.12,16.55,14.46,2.38,17.2,9.7,21.19
2020-05-11,63.69,8.5,13.17,6.98,5.69,3.76,13.74
2020-05-12,68.62,8.22,22.15,2.94,0.0,1.79,13.98
2020-05-13,65.75,9.28,20.27,4.4,0.0,3.49,14.8
2020-05-14,63.5,8.95,25.78,4.87,0.0,2.37,14.82
2020-05-15,66.62,9.83,29.06,3.68,0.0,2.23,16.77
2020-05-16,70.06,11.4,26.41,2.1,0.0,2.83,18.26
2020-05-17,72.38,12.83,28.1,1.37,0.0,4.41,19.38
2020-05-18,70.44,14.37,27.9,1.58,0.0,6.62,21.88
2020-05-19,74.81,15.39,29.55,1.97,0.0,5.76,22.64
2020-05-20,76.06,18.3,28.76,1.96,0.03,10.28,25.09
2020-05-21,74.5,20.69,26.46,1.2,0.04,12.29,27.18
2020-05-22,80.94,18.54,19.09,2.76,1.57,14.06,23.19
2020-05-23,70.56,14.12,19.05,3.3,1.35,10.01,18.71
2020-05-24,76.06,14.0,24.84,2.41,0.03,7.77,19.4
2020-05-25,74.94,15.86,24.37,1.98,0.02,8.56,21.87
2020-05-26,70.69,17.23,29.14,2.62,0.0,9.83,23.3
2020-05-27,70.5,17.75,28.43,2.82,0.0,10.93,24.03
2020-05-28,65.38,16.28,29.27,3.55,0.0,9.69,22.39
2020-05-29,62.88,16.08,29.47,3.01,0.0,8.9,22.35
2020-05-30,62.56,16.84,29.67,2.53,0.0,9.3,23.16
2020-05-31,60.81,16.32,29.35,3.01,0.0,9.33,22.03
2020-06-01,66.19,17.83,27.43,2.75,0.0,9.62,24.58
2020-06-02,61.69,20.4,29.04,1.64,0.0,12.42,27.09
2020-06-03,72.25,17.55,20.33,2.28,1.82,12.65,22.64
2020-06-04,82.69,12.9,10.12,3.39,9.0,8.9,16.68
2020-06-05,77.69,12.72,11.01,4.54,2.33,8.94,17.87
2020-06-06,68.06,12.75,23.04,3.92,0.68,8.37,17.42
2020-06-07,73.62,13.55,18.71,1.95,0.29,6.93,18.8
2020-06-08,77.81,13.56,21.7,2.91,0.95,8.97,17.55
2020-06-09,74.06,13.32,15.68,2.79,0.05,7.12,18.52
2020-06-10,72.56,13.95,20.37,1.55,0.1,7.05,19.62
2020-06-11,76.44,16.05,21.37,2.02,2.17,10.16,20.52
2020-06-12,88.62,14.98,12.1,3.4,9.65,11.62,17.88
2020-06-13,77.75,16.33,22.94,2.64,0.47,9.58,21.11
2020-06-14,77.06,16.87,18.85,2.38,0.16,10.8,21.77
2020-06-15,78.0,16.87,20.22,2.34,0.51,11.33,21.51
2020-06-16,78.19,16.61,19.3,1.62,1.14,11.16,20.83
2020-06-17,79.5,15.98,16.3,1.11,1.51,12.8,19.4
2020-06-18,78.31,16.03,20.6,2.36,3.13,11.16,20.12
2020-06-19,77.69,16.11,19.26,2.31,0.48,10.33,20.87
2020-06-20,71.81,18.14,19.79,1.09,0.54,12.87,22.98
2020-06-21,78.94,17.51,17.12,2.89,2.19,11.38,22.8
2020-06-22,71.12,16.87,28.92,1.23,0.04,8.87,22.83
2020-06-23,65.0,20.23,30.5,2.12,0.0,11.73,26.83
2020-06-24,63.19,22.36,30.58,2.91,0.0,14.19,29.38
2020-06-25,60.69,24.08,27.76,2.04,0.02,15.27,31.05
2020-06-26,74.38,23.69,17.83,2.46,2.19,19.05,28.64
2020-06-27,77.31,20.28,17.56,4.27,3.48,16.75,24.59
2020-06-28,69.12,18.3,14.6,3.54,0.56,14.72,22.19
2020-06-29,62.12,17.44,26.27,3.45,0.21,13.07,21.55
2020-06-30,74.56,18.54,16.56,3.7,0.28,11.62,23.98
2020-07-01,79.12,20.08,14.33,3.53,2.27,15.7,25.1
2020-07-02,73.62,17.2,17.01,3.1,0.84,12.28,21.98
2020-07-03,70.0,17.31,22.57,2.44,0.03,10.42,22.94
2020-07-04,74.56,18.81,18.62,4.63,0.21,13.08,22.59
2020-07-05,72.44,20.37,15.94,4.87,0.36,13.43,26.3
2020-07-06,63.56,15.88,25.55,3.5,0.01,10.92,20.88
2020-07-07,66.31,16.96,28.66,1.41,0.0,8.98,23.35
2020-07-08,72.38,18.65,25.9,2.67,0.31,11.29,25.88
2020-07-09,69.56,22.01,29.16,2.72,0.01,14.16,29.09
2020-07-10,70.12,17.61,15.22,3.07,0.29,11.63,21.99
2020-07-11,62.69,16.52,27.91,2.41,0.0,8.95,22.62
2020-07-12,58.81,17.51,29.1,2.98,0.0,9.72,23.89
2020-07-13,57.19,19.09,28.77,2.64,0.0,11.57,25.95
2020-07-14,70.31,17.94,19.23,2.19,2.08,12.91,22.94
2020-07-15,72.19,17.91,13.55,1.91,0.66,13.58,22.26
2020-07-16,76.31,17.6,9.49,2.5,0.27,12.83,21.81
2020-07-17,71.06,19.91,18.35,1.21,0.04,12.34,25.48
2020-07-18,65.75,21.03,25.48,1.37,0.02,15.25,27.11
2020-07-19,65.5,21.08,26.23,1.88,0.01,12.87,28.2
2020-07-20,63.0,18.95,26.39,3.59,0.04,13.27,24.88
2020-07-21,55.31,17.47,26.9,3.39,0.0,10.21,23.86
2020-07-22,56.12,17.38,26.9,2.71,0.0,9.88,23.88
2020-07-23,55.5,18.81,24.69,1.17,0.09,11.22,24.9
2020-07-24,68.56,19.99,20.0,2.07,0.42,13.52,25.49
2020-07-25,70.5,20.65,20.14,3.13,2.67,15.46,26.37
2020-07-26,69.19,19.82,22.32,2.99,2.18,15.56,24.53
2020-07-27,56.38,22.37,27.87,3.81,0.01,14.42,29.34
2020-07-28,62.81,19.28,25.56,3.43,0.03,12.76,24.3
2020-07-29,62.81,18.4,27.74,1.15,0.01,10.9,25.11
2020-07-30,51.5,22.15,27.07,1.85,0.0,12.63,30.65
2020-07-31,51.88,26.16,22.03,2.66,0.01,16.87,37.4
2020-08-01,66.5,22.67,19.12,2.51,0.06,17.09,28.24
2020-08-02,63.06,19.15,23.52,2.85,0.0,14.41,24.4
2020-08-03,68.62,17.19,16.6,2.62,0.25,12.65,22.69
2020-08-04,59.0,18.51,24.79,1.19,0.01,9.89,25.14
2020-08-05,44.69,22.26,26.54,1.98,0.0,12.71,29.42
2020-08-06,45.88,24.77,24.14,1.27,0.0,16.45,32.82
2020-08-07,47.5,26.3,26.09,1.75,0.0,17.24,34.78
2020-08-08,48.5,28.07,22.49,1.77,0.0,19.52,36.15
2020-08-09,48.12,29.67,21.84,1.39,0.01,22.73,37.37
2020-08-10,52.06,27.8,19.09,1.24,1.92,21.73,34.18
2020-08-11,53.38,28.35,20.08,0.71,1.04,22.19,35.22
2020-08-12,64.75,26.67,20.7,1.47,2.17,20.72,34.15
2020-08-13,76.19,23.2,17.9,1.7,3.84,19.87,28.27
2020-08-14,81.69,21.41,14.98,2.1,4.4,18.37,25.62
2020-08-15,72.5,21.98,17.73,1.24,0.33,16.67,27.26
2020-08-16,75.69,20.57,14.81,1.94,4.94,16.62,24.68
2020-08-17,75.81,19.1,15.04,2.41,2.72,14.38,23.69
2020-08-18,69.81,20.22,19.87,1.79,0.3,14.4,25.07
2020-08-19,72.56,21.03,12.1,2.88,0.86,16.05,26.01
2020-08-20,68.31,24.71,18.49,2.44,0.72,18.0,31.44
2020-08-21,61.5,23.19,16.27,3.73,0.82,17.48,28.8
2020-08-22,64.94,20.06,17.15,3.94,0.03,15.33,25.37
2020-08-23,66.25,18.12,16.8,3.12,0.21,13.76,23.07
2020-08-24,67.38,18.12,16.48,2.1,0.34,12.36,23.36
2020-08-25,62.0,20.57,15.82,4.77,0.43,14.93,28.89
2020-08-26,64.75,18.74,19.03,4.33,0.02,13.23,24.65
2020-08-27,68.06,19.09,17.74,3.05,1.26,12.3,25.88
2020-08-28,73.12,16.94,14.62,3.5,2.45,12.72,21.69
2020-08-29,81.06,14.82,12.8,3.12,3.06,11.71,19.48
2020-08-30,82.56,15.34,12.21,3.69,4.28,11.04,20.8
2020-08-31,70.19,15.05,15.24,2.38,0.13,10.14,20.92
2020-09-01,66.25,15.14,16.14,2.07,0.02,8.16,21.81
2020-09-02,62.62,15.62,18.44,1.53,0.02,8.01,21.99
2020-09-03,59.19,19.82,17.86,2.49,0.0,13.38,26.65
2020-09-04,71.19,20.47,20.75,1.96,0.09,15.01,27.85
2020-09-05,70.31,16.3,9.79,2.55,0.75,11.16,20.65
2020-09-06,67.62,14.73,11.76,1.47,0.07,10.43,19.55
2020-09-07,65.38,15.97,20.22,1.16,0.01,8.15,22.55
2020-09-08,71.25,18.88,16.65,1.28,0.01,12.33,25.21
2020-09-09,69.38,20.47,16.37,1.94,0.02,14.88,27.3
2020-09-10,75.81,19.11,15.51,1.79,0.31,14.9,24.75
2020-09-11,68.0,19.19,16.4,1.52,0.01,13.01,26.64
2020-09-12,73.25,16.52,17.53,1.7,0.05,11.13,23.01
2020-09-13,60.5,18.73,18.4,0.88,0.0,11.26,27.22
2020-09-14,52.5,22.64,18.44,1.76,0.0,12.65,32.49
2020-09-15,54.12,24.33,17.23,1.8,0.0,16.53,32.9
2020-09-16,68.69,22.23,16.5,2.32,0.02,15.83,29.83
2020-09-17,58.12,18.91,17.37,4.32,0.01,13.67,25.65
2020-09-18,57.19,20.04,16.39,3.55,0.21,11.39,28.57
2020-09-19,73.06,21.7,11.66,2.66,1.94,18.27,26.65
2020-09-20,74.25,20.76,12.94,1.65,1.32,15.52,26.01
2020-09-21,55.62,17.2,16.4,1.89,0.0,10.2,25.94
2020-09-22,66.12,16.9,16.72,1.14,0.08,8.93,24.99
2020-09-23,78.31,17.34,9.97,3.86,4.74,13.06,22.5
2020-09-24,82.62,13.2,10.93,4.55,7.28,8.67,18.41
2020-09-25,73.06,10.85,9.67,6.05,3.31,8.03,13.55
2020-09-26,70.69,10.9,11.6,5.91,1.88,8.46,13.85
2020-09-27,89.44,12.64,4.13,6.09,12.17,10.04,15.46
2020-09-28,85.81,12.45,3.56,3.41,6.2,9.03,15.67
2020-09-29,88.25,15.09,7.28,2.17,1.89,10.65,19.97
2020-09-30,82.44,15.4,7.55,3.03,1.36,12.55,19.38
2020-10-01,78.75,13.32,9.4,3.89,10.14,10.54,16.57
2020-10-02,90.25,11.66,3.36,2.93,16.05,9.08,13.93
2020-10-03,82.0,10.73,9.37,2.34,3.1,6.36,16.24
2020-10-04,82.0,11.1,8.93,5.7,4.65,8.08,14.25
2020-10-05,87.19,12.07,3.99,5.48,9.69,9.84,16.15
2020-10-06,83.69,12.51,8.31,5.8,4.27,10.65,15.74
2020-10-07,82.5,12.97,8.79,3.62,0.99,10.9,16.88
2020-10-08,85.5,14.88,6.49,5.05,1.87,11.21,18.49
2020-10-09,86.12,13.36,5.47,2.37,4.04,10.21,15.94
2020-10-10,76.44,10.17,12.18,2.71,0.64,5.19,14.98
2020-10-11,85.88,9.69,9.37,2.66,1.65,6.26,13.9
2020-10-12,82.0,9.65,8.16,1.75,0.27,6.8,14.15
2020-10-13,91.12,8.91,5.21,2.29,9.12,7.02,12.1
2020-10-14,83.31,8.88,9.42,3.61,0.93,5.98,13.81
2020-10-15,80.44,8.3,5.22,3.35,0.17,5.93,12.81
2020-10-16,79.44,9.19,7.6,2.51,0.03,4.91,13.74
2020-10-17,79.69,9.23,4.57,1.29,0.07,5.87,14.15
2020-10-18,77.75,9.15,9.07,0.93,0.11,3.95,14.31
2020-10-19,75.06,8.96,9.66,3.11,0.0,4.6,14.98
2020-10-20,93.31,12.51,2.43,4.48,12.24,7.62,15.75
2020-10-21,80.94,15.69,6.9,5.51,3.83,11.55,20.9
2020-10-22,90.0,14.47,8.03,2.21,0.81,10.97,20.4
2020-10-23,83.56,13.54,6.33,2.52,1.16,10.23,18.89
2020-10-24,84.19,13.45,4.8,5.75,0.3,9.26,18.24
2020-10-25,87.31,10.92,1.84,4.57,8.24,7.33,13.12
2020-10-26,84.25,9.49,9.33,4.41,0.74,6.69,13.51
2020-10-27,91.19,10.22,4.62,5.08,3.63,7.54,13.12
2020-10-28,89.12,10.54,4.97,5.14,1.77,7.6,14.23
2020-10-29,89.38,11.87,4.18,4.13,1.21,8.9,15.71
2020-10-30,88.19,12.42,3.7,3.37,0.26,10.2,15.87
2020-10-31,87.25,12.37,8.44,3.8,0.59,7.57,18.01
2020-11-01,91.38,15.34,2.49,5.64,2.57,11.46,18.88
2020-11-02,86.88,14.83,5.07,5.73,2.51,7.08,19.62
2020-11-03,85.06,7.46,6.76,3.2,0.27,3.71,12.44
2020-11-04,90.62,4.99,9.27,1.61,0.11,2.19,10.4
2020-11-05,85.0,5.02,9.21,2.91,0.04,1.34,11.49
2020-11-06,89.0,5.98,6.73,3.2,0.03,1.41,11.64
2020-11-07,92.69,10.48,6.25,2.32,0.06,6.9,15.88
2020-11-08,93.94,11.96,5.35,2.27,0.11,9.05,16.81
2020-11-09,90.94,11.85,7.9,1.56,0.59,8.54,18.12
2020-11-10,91.06,10.97,3.02,1.14,1.56,8.0,15.91
2020-11-11,90.5,9.8,4.15,2.29,0.17,6.51,14.61
2020-11-12,87.06,8.43,7.87,2.68,0.14,5.4,13.44
2020-11-13,91.75,11.17,3.79,3.25,0.66,6.55,16.75
2020-11-14,88.81,11.8,7.35,3.85,0.08,8.1,16.59
2020-11-15,86.0,11.41,2.26,6.48,6.65,9.18,14.79
2020-11-16,86.94,9.54,3.39,4.4,0.29,8.29,11.32
2020-11-17,89.69,9.65,4.03,2.51,0.03,6.79,13.49
2020-11-18,84.38,9.79,7.26,3.6,0.64,4.98,15.02
2020-11-19,85.94,8.24,5.63,4.29,1.41,4.54,11.97
2020-11-20,85.0,4.55,5.36,1.07,0.08,2.25,8.84
2020-11-21,85.38,4.74,6.48,2.43,0.02,1.26,10.49
2020-11-22,80.75,5.3,3.91,1.8,0.08,2.76,8.73
2020-11-23,97.5,7.01,3.99,1.05,0.77,4.46,10.38
2020-11-24,83.5,5.42,5.41,2.56,0.03,3.19,10.0
2020-11-25,94.81,5.64,4.13,2.45,0.07,3.08,9.84
2020-11-26,95.19,5.97,6.14,1.27,0.12,3.96,9.9
2020-11-27,94.69,6.25,4.41,1.84,0.19,4.34,10.62
2020-11-28,86.31,5.01,6.17,2.35,0.04,0.87,10.13
2020-11-29,91.31,0.72,2.55,2.16,0.05,-3.17,5.9
2020-11-30,86.44,1.05,4.94,2.02,2.23,-2.74,5.6
2020-12-01,93.12,5.5,3.08,4.47,0.75,3.34,8.8
2020-12-02,93.31,5.12,1.76,2.07,0.22,1.51,7.08
2020-12-03,95.19,4.45,1.06,4.69,6.99,1.44,7.02
2020-12-04,86.62,4.11,4.57,4.75,1.98,1.61,7.08
2020-12-05,89.06,3.03,3.44,4.15,1.69,0.4,5.87
2020-12-06,93.44,1.74,3.22,2.05,0.19,-0.53,6.51
2020-12-07,96.12,0.76,2.51,1.73,0.15,-1.76,4.3
2020-12-08,93.12,0.83,2.57,2.11,0.06,-1.94,5.38
2020-12-09,97.69,1.48,2.04,2.33,0.3,-0.42,3.58
2020-12-10,88.44,2.59,4.27,3.69,0.08,1.01,6.18
2020-12-11,95.88,7.19,2.26,3.52,7.29,2.78,10.55
2020-12-12,95.12,7.23,2.18,3.05,1.09,3.91,9.69
2020-12-13,93.56,5.18,2.53,3.95,0.57,3.15,7.02
2020-12-14,93.5,8.3,2.66,3.95,6.65,5.91,10.47
2020-12-15,95.38,7.51,2.7,2.43,3.73,4.64,11.19
2020-12-16,93.69,6.44,3.36,3.65,0.97,4.59,8.69
2020-12-17,96.75,7.01,3.03,3.28,2.43,5.6,8.87
2020-12-18,95.56,5.89,5.22,3.98,0.16,4.85,8.0
2020-12-19,96.25,8.02,1.95,4.21,1.74,5.91,10.88
2020-12-20,96.06,6.65,3.57,3.07,0.17,4.46,9.99
2020-12-21,96.19,8.73,1.05,5.09,9.57,5.91,11.9
2020-12-22,94.88,12.82,1.89,4.88,5.58,11.67,14.05
2020-12-23,91.94,10.51,1.55,5.12,17.98,7.65,12.17
2020-12-24,90.69,5.43,1.75,5.1,4.93,2.87,7.13
2020-12-25,93.44,2.79,3.35,3.77,0.64,0.19,5.42
2020-12-26,91.81,1.95,4.3,3.77,0.38,-1.5,5.37
2020-12-27,95.19,4.37,0.88,7.09,11.05,2.75,5.58
2020-12-28,94.06,3.35,2.86,3.46,7.3,2.23,5.62
2020-12-29,96.94,2.66,1.81,3.04,1.35,1.6,3.69
2020-12-30,94.88,2.68,2.92,2.72,1.73,-0.54,5.69
2020-12-31,94.94,2.05,2.03,2.62,2.74,-1.45,4.47
2021-01-01,91.94,-0.02,2.72,1.06,0.31,-2.06,4.05
2021-01-02,95.0,0.03,3.87,0.77,0.16,-3.32,4.28
2021-01-03,95.06,0.45,2.38,1.74,0.35,-0.93,3.69
2021-01-04,95.56,0.05,1.58,2.59,0.43,-1.13,2.95
2021-01-05,94.69,-0.04,0.78,2.45,0.16,-1.77,3.36
2021-01-06,95.69,-0.17,1.47,1.88,0.15,-2.19,3.66
2021-01-07,95.12,0.32,2.14,1.45,0.57,-1.95,3.96
2021-01-08,91.12,-0.42,3.64,1.21,0.03,-3.32,4.15
2021-01-09,94.62,-0.74,5.52,2.7,0.08,-3.17,3.25
2021-01-10,93.94,-0.6,5.87,1.92,0.07,-2.02,3.69
2021-01-11,97.12,1.0,3.85,2.95,0.33,-1.97,3.9
2021-01-12,97.38,4.32,2.0,4.48,7.46,-0.39,9.15
2021-01-13,96.0,4.87,2.24,3.27,3.79,0.12,8.62
2021-01-14,94.0,7.68,1.85,5.23,6.53,1.76,9.56
2021-01-15,88.94,-1.05,4.94,3.16,0.11,-4.35,3.24
2021-01-16,92.5,-0.6,1.46,3.03,7.67,-3.4,2.34
2021-01-17,95.56,2.57,4.54,2.7,1.13,0.34,5.56
2021-01-18,93.06,2.44,4.57,2.77,0.08,0.15,6.27
2021-01-19,92.12,3.35,4.4,5.32,3.11,2.08,5.16
2021-01-20,83.94,6.64,4.81,6.3,0.83,3.29,9.53
2021-01-21,90.5,7.37,2.84,6.94,10.03,3.22,9.9
2021-01-22,88.12,4.9,4.31,2.18,4.52,3.25,7.85
2021-01-23,96.12,1.56,3.09,3.35,4.97,-2.02,2.76
2021-01-24,96.25,-0.28,2.84,3.57,1.85,-3.38,2.01
2021-01-25,89.38,0.72,4.17,3.27,0.12,-2.28,4.97
2021-01-26,91.94,-0.24,4.5,2.92,0.47,-2.47,2.51
2021-01-27,96.0,3.98,1.59,3.33,6.51,0.69,7.06
2021-01-28,92.94,10.26,3.87,5.26,8.54,5.62,13.62
2021-01-29,87.75,8.95,4.19,6.59,3.11,5.9,10.81
2021-01-30,94.06,7.9,4.03,2.55,13.13,5.78,11.94
2021-01-31,96.31,6.68,3.18,1.91,7.47,4.62,8.94
2021-02-01,93.88,6.88,3.37,2.56,1.44,4.01,9.73
2021-02-02,90.56,10.3,5.32,5.06,3.6,4.73,14.27
2021-02-03,89.38,9.26,4.88,5.74,8.78,4.9,13.08
2021-02-04,94.25,6.87,5.24,2.28,1.61,4.3,10.2
2021-02-05,91.12,7.76,4.77,1.83,0.83,5.74,11.62
2021-02-06,94.62,6.03,1.93,2.77,12.65,4.05,8.31
2021-02-07,86.5,0.5,2.85,2.83,1.35,-3.6,3.62
2021-02-08,86.06,-2.91,2.05,2.0,0.07,-4.96,0.64
2021-02-09,79.0,-2.93,2.97,3.01,0.36,-4.83,-0.58
2021-02-10,74.06,-3.34,6.93,4.72,0.26,-5.08,-0.7
2021-02-11,79.62,-3.62,8.88,4.28,0.0,-5.68,0.13
2021-02-12,77.44,-4.38,5.89,4.85,0.0,-6.77,-0.29
2021-02-13,75.0,-4.85,9.93,4.03,0.0,-8.99,0.16
2021-02-14,78.5,-2.59,9.29,4.25,0.01,-7.31,1.85
2021-02-15,93.38,2.9,4.89,4.14,2.18,0.13,5.76
2021-02-16,95.5,4.3,7.88,4.3,0.86,0.56,8.38
2021-02-17,91.25,6.8,7.01,3.97,0.14,3.61,12.17
2021-02-18,91.75,6.57,4.55,4.5,6.36,2.45,12.82
2021-02-19,96.31,6.84,8.09,3.37,0.64,3.18,10.3
2021-02-20,82.38,10.8,9.77,4.98,0.0,5.29,18.2
2021-02-21,82.75,10.24,11.33,3.47,0.0,5.12,16.51
2021-02-22,90.81,10.08,5.24,2.84,1.19,6.33,13.24
2021-02-23,88.44,11.98,9.24,3.91,0.04,8.35,16.87
2021-02-24,86.19,11.62,11.43,3.3,0.07,7.74,18.08
2021-02-25,87.31,10.62,10.26,2.59,0.33,6.94,16.11
2021-02-26,79.81,7.34,7.49,3.27,1.15,1.33,12.02
2021-02-27,82.81,4.34,13.5,3.7,0.01,0.36,10.5
2021-02-28,82.0,4.55,13.81,4.04,0.05,1.01,10.63
2021-03-01,84.56,4.69,13.46,2.44,0.0,-0.03,12.26
2021-03-02,82.75,7.82,12.19,1.7,0.04,1.32,16.07
2021-03-03,84.88,10.05,10.46,1.52,0.61,4.11,16.49
2021-03-04,91.19,7.21,7.61,2.75,1.21,3.08,11.26
2021-03-05,74.56,3.3,6.58,4.01,0.05,-1.51,7.58
2021-03-06,73.0,1.38,15.24,3.44,0.0,-3.7,8.46
2021-03-07,76.75,1.19,14.58,2.14,0.0,-4.85,9.17
2021-03-08,79.19,1.4,14.84,2.28,0.01,-3.33,7.73
2021-03-09,79.75,4.29,12.1,1.7,0.03,-1.79,11.01
2021-03-10,80.12,4.86,10.74,4.38,0.71,-0.64,9.22
2021-03-11,78.31,9.75,10.38,7.72,3.06,5.24,13.76
2021-03-12,85.44,6.94,11.82,5.81,3.65,3.3,10.83
2021-03-13,78.56,7.69,9.62,7.67,6.05,3.54,10.78
2021-03-14,79.81,6.58,10.12,5.33,2.31,2.74,10.56
2021-03-15,83.56,7.62,9.13,4.48,2.85,2.65,11.38
2021-03-16,92.75,6.55,6.8,3.31,3.88,1.95,9.65
2021-03-17,85.38,5.98,7.32,5.34,1.19,2.94,8.39
2021-03-18,88.06,4.9,7.69,3.05,1.64,2.65,7.76
2021-03-19,74.88,4.46,12.04,4.88,0.18,0.34,8.87
2021-03-20,78.56,3.9,15.26,3.08,0.02,-0.23,9.86
2021-03-21,82.5,5.93,7.67,3.06,0.21,0.22,12.13
2021-03-22,77.19,5.22,8.58,2.16,0.01,0.36,10.48
2021-03-23,75.81,6.55,18.37,1.07,0.0,0.36,13.45
2021-03-24,76.62,8.43,18.86,2.06,0.0,0.77,17.04
2021-03-25,80.56,8.68,9.91,1.63,0.95,4.02,14.19
2021-03-26,82.0,8.14,12.14,4.04,2.04,1.91,13.64
2021-03-27,79.5,6.83,14.8,3.83,0.45,2.31,12.23
2021-03-28,76.56,8.87,18.58,2.88,0.0,2.12,15.86
2021-03-29,70.19,11.5,19.98,1.91,0.0,2.82,20.53
2021-03-30,69.56,13.82,19.43,1.68,0.0,5.11,22.32
2021-03-31,56.38,16.9,18.75,1.35,0.0,9.66,23.69
2021-04-01,65.56,15.8,17.65,2.6,0.0,8.4,22.79
2021-04-02,69.06,7.9,19.79,4.99,0.0,3.15,13.76
2021-04-03,71.25,6.61,15.29,4.54,0.01,2.69,12.0
2021-04-04,76.81,6.15,21.01,2.52,0.01,1.08,12.94
2021-04-05,78.25,3.84,7.63,3.63,0.61,-2.44,9.34
2021-04-06,67.19,1.86,15.81,3.05,0.18,-3.35,5.95
2021-04-07,68.88,3.32,21.72,2.91,0.01,-3.6,9.9
2021-04-08,67.38,6.08,18.4,1.07,0.0,0.03,12.34
2021-04-09,75.56,9.41,15.88,2.16,5.14,2.73,16.45
2021-04-10,94.12,8.66,9.44,1.68,16.79,5.81,12.33
2021-04-11,78.31,4.97,7.03,4.01,3.66,0.19,9.16
2021-04-12,77.38,4.69,18.44,1.95,0.47,-1.22,10.24
2021-04-13,68.0,4.52,22.48,2.42,0.01,-1.45,10.73
2021-04-14,66.94,4.51,17.56,2.56,0.0,-2.42,10.69
2021-04-15,72.38,4.35,16.85,3.21,0.02,-0.34,9.23
2021-04-16,71.62,5.05,12.35,3.37,0.01,-1.23,10.74
2021-04-17,71.69,6.96,18.63,3.68,0.01,0.98,13.92
2021-04-18,74.94,7.22,15.27,2.33,0.0,0.89,13.73
2021-04-19,75.44,8.93,21.43,1.48,0.0,1.77,16.13
2021-04-20,72.81,10.79,18.98,1.13,0.05,4.9,16.88
2021-04-21,73.12,11.15,17.63,2.7,0.35,5.05,16.97
2021-04-22,67.5,9.31,23.8,3.71,0.0,3.19,16.49
2021-04-23,67.94,9.83,25.19,3.28,0.0,1.92,17.55
2021-04-24,67.69,10.71,25.79,3.52,0.0,2.79,18.55
2021-04-25,64.25,9.58,25.49,4.86,0.0,3.4,16.26
2021-04-26,65.25,9.56,24.61,4.16,0.0,2.29,17.17
2021-04-27,64.56,10.26,25.58,1.74,0.0,1.47,17.99
2021-04-28,67.44,11.49,15.2,2.02,1.66,5.57,18.24
2021-04-29,76.38,8.64,15.74,2.14,0.67,3.83,13.7
2021-04-30,69.75,8.75,17.34,1.45,0.09,3.63,13.63
2021-05-01,74.81,7.74,12.13,2.06,1.59,3.55,12.13
2021-05-02,72.56,7.23,17.26,1.55,0.29,1.53,11.09
2021-05-03,61.44,10.39,21.24,3.36,0.0,1.9,16.62
2021-05-04,66.44,10.79,8.85,6.01,2.03,5.39,16.16
2021-05-05,69.06,7.95,19.02,3.8,0.65,3.75,12.51
2021-05-06,86.94,6.77,8.78,1.97,7.59,2.36,10.35
2021-05-07,68.12,9.35,24.19,1.87,0.01,1.51,15.52
2021-05-08,77.25,13.7,16.49,3.47,0.44,6.39,20.81
2021-05-09,80.69,18.53,17.67,4.77,6.55,13.71,25.44
2021-05-10,75.88,14.37,17.77,4.02,2.53,9.33,18.69
2021-05-11,75.5,12.24,13.4,2.09,0.96,8.06,16.98
2021-05-12,75.5,11.53,17.7,2.44,0.2,5.65,16.26
2021-05-13,78.5,11.5,16.95,2.92,4.69,7.19,15.83
2021-05-14,83.88,10.58,14.23,2.4,3.42,6.8,15.13
2021-05-15,81.31,11.73,14.55,4.12,5.73,7.82,16.44
2021-05-16,81.06,12.12,16.7,4.12,6.11,8.06,16.74
2021-05-17,81.62,11.72,17.83,4.66,3.18,8.32,15.86
2021-05-18,78.25,11.44,16.63,2.8,1.61,7.85,15.59
2021-05-19,81.25,10.64,16.47,3.23,7.73,6.32,14.56
2021-05-20,73.25,12.0,18.84,3.57,0.09,5.48,17.4
2021-05-21,68.19,12.89,20.14,5.72,0.97,8.93,17.01
2021-05-22,75.06,11.56,18.72,5.12,2.08,8.01,15.97
2021-05-23,72.19,12.05,20.88,4.04,0.2,6.19,16.86
2021-05-24,78.62,11.17,14.39,5.2,9.36,8.22,15.68
2021-05-25,79.12,11.12,20.05,4.82,6.54,7.15,15.31
2021-05-26,77.56,11.78,13.45,3.7,5.46,7.26,15.58
2021-05-27,75.5,13.04,24.69,1.32,0.02,4.59,19.45
2021-05-28,74.25,14.53,28.0,2.2,0.03,8.5,20.66
2021-05-29,71.5,15.45,25.93,2.45,0.0,9.37,21.44
2021-05-30,69.44,15.88,28.29,2.88,0.0,9.24,21.86
2021-05-31,67.69,16.13,26.85,2.89,0.0,9.0,22.33
2021-06-01,70.88,18.16,29.87,2.84,0.05,8.95,25.58
2021-06-02,84.12,19.56,20.89,2.2,4.37,13.62,24.07
2021-06-03,79.06,20.02,21.37,0.84,2.73,14.34,25.32
2021-06-04,90.5,17.77,16.95,1.74,11.3,14.43,20.81
2021-06-05,82.81,15.73,12.75,2.91,0.98,12.26,19.83
2021-06-06,75.44,16.52,22.14,2.02,0.04,10.98,21.78
2021-06-07,75.69,17.36,24.8,1.87,0.04,9.98,23.05
2021-06-08,73.88,18.59,25.75,1.62,0.02,10.76,24.33
2021-06-09,72.06,19.99,26.1,1.12,0.04,11.98,25.37
2021-06-10,73.62,19.99,24.69,1.38,0.16,13.2,25.67
2021-06-11,76.69,19.91,28.61,1.84,0.02,12.88,25.8
2021-06-12,76.81,18.75,22.86,2.36,0.03,13.32,24.25
2021-06-13,67.31,18.45,30.04,2.36,0.03,11.55,24.57
2021-06-14,62.62,21.01,31.03,1.11,0.01,11.91,28.58
2021-06-15,69.94,21.76,27.9,1.35,0.0,13.93,27.83
2021-06-16,68.75,24.41,28.47,1.63,0.3,16.17,30.37
2021-06-17,81.5,22.8,19.32,2.09,14.56,19.55,26.8
2021-06-18,80.81,21.62,23.43,3.82,5.74,16.81,25.94
2021-06-19,85.38,20.44,18.43,1.36,24.25,14.26,25.37
2021-06-20,79.88,20.15,19.38,1.99,1.8,16.35,24.4
2021-06-21,77.0,19.39,21.33,1.95,6.7,15.93,23.61
2021-06-22,85.19,15.05,14.02,3.58,9.01,11.55,18.19
2021-06-23,82.75,13.95,11.1,3.36,0.28,11.58,16.8
2021-06-24,76.44,14.9,12.97,2.39,0.11,9.94,19.73
2021-06-25,78.25,16.66,17.42,1.7,3.41,9.2,21.76
2021-06-26,83.75,17.98,15.81,1.52,9.0,14.59,21.53
2021-06-27,86.31,18.35,11.8,1.48,5.62,15.04,21.38
2021-06-28,79.75,19.0,18.5,1.67,9.15,14.19,23.8
2021-06-29,81.75,15.44,13.97,1.73,4.46,10.94,19.85
2021-06-30,84.88,15.22,9.7,2.45,7.49,12.94,17.83
2021-07-01,78.62,16.83,19.75,1.77,0.09,10.73,21.07
2021-07-02,75.0,19.98,21.69,1.36,0.17,13.04,24.69
2021-07-03,81.5,19.8,14.02,1.92,0.97,16.04,24.03
2021-07-04,84.0,18.13,18.01,2.59,9.59,15.21,21.86
2021-07-05,82.25,18.71,15.72,2.65,2.33,14.16,23.37
2021-07-06,73.94,18.0,20.44,4.58,5.84,14.01,21.76
2021-07-07,76.12,17.12,19.44,2.39,0.73,11.98,21.71
2021-07-08,76.5,17.39,21.88,1.75,0.62,11.17,22.21
2021-07-09,76.19,18.08,14.21,1.12,0.36,11.55,22.33
2021-07-10,82.44,17.17,12.11,1.53,3.8,13.98,19.8
2021-07-11,78.38,18.28,18.79,0.93,0.91,12.8,22.95
2021-07-12,83.88,18.4,12.63,1.7,9.48,15.06,22.4
2021-07-13,89.62,17.11,5.35,3.38,27.09,14.44,20.94
2021-07-14,86.38,16.53,9.11,4.18,4.3,13.08,19.27
2021-07-15,78.94,18.41,14.58,4.32,0.24,14.4,23.55
2021-07-16,77.44,17.48,9.68,3.41,0.06,13.33,22.05
2021-07-17,79.69,18.77,13.38,3.0,0.03,12.09,24.6
2021-07-18,76.75,21.0,28.8,3.55,0.05,14.07,27.17
2021-07-19,75.56,21.64,27.54,2.69,0.01,14.56,27.88
2021-07-20,74.31,21.44,27.29,2.01,0.0,15.45,27.13
2021-07-21,70.81,21.14,26.39,1.91,0.01,14.3,27.44
2021-07-22,70.06,21.1,27.17,2.27,0.0,14.26,27.02
2021-07-23,74.62,21.53,21.9,3.36,0.95,14.12,27.33
2021-07-24,77.25,20.64,18.65,2.58,3.42,17.25,25.17
2021-07-25,82.38,19.0,16.1,2.62,8.16,15.78,22.98
2021-07-26,83.94,18.8,14.67,2.34,4.29,15.08,22.58
2021-07-27,85.69,17.84,10.15,2.84,5.89,16.0,20.16
2021-07-28,74.38,18.25,16.91,3.57,0.53,14.15,22.7
2021-07-29,72.06,17.77,21.83,2.66,0.06,12.22,22.98
2021-07-30,71.5,17.83,19.4,3.83,0.17,13.48,23.35
2021-07-31,76.19,17.4,17.11,2.62,0.61,12.21,22.58
2021-08-01,75.62,17.25,19.06,2.01,0.68,11.18,22.48
2021-08-02,79.56,17.76,16.93,1.36,4.43,12.01,22.06
2021-08-03,76.75,17.04,12.9,1.69,6.32,13.83,21.07
2021-08-04,76.06,17.13,14.78,1.05,0.89,12.19,21.41
2021-08-05,76.5,18.58,16.78,2.73,1.06,14.96,23.3
2021-08-06,76.81,18.09,13.39,4.09,1.51,13.96,22.55
2021-08-07,78.06,17.07,17.25,4.39,5.06,12.5,22.06
2021-08-08,72.88,16.72,19.14,3.76,0.45,11.85,21.04
2021-08-09,78.75,16.98,15.99,2.97,2.04,12.58,21.8
2021-08-10,79.94,19.15,17.69,2.13,1.0,14.18,24.83
2021-08-11,75.75,19.4,22.75,0.92,0.04,14.01,24.18
2021-08-12,75.12,21.63,21.3,1.36,0.0,14.6,28.93
2021-08-13,73.56,20.58,22.52,1.87,0.0,14.69,27.05
2021-08-14,67.56,20.83,24.41,1.16,0.0,13.04,28.19
2021-08-15,68.75,21.53,21.38,2.05,0.04,15.01,28.82
2021-08-16,73.69,17.57,12.97,3.35,0.52,13.51,21.8
2021-08-17,78.94,16.19,11.49,2.8,0.36,11.0,20.27
2021-08-18,81.12,17.87,8.6,2.34,0.68,14.13,22.9
2021-08-19,80.81,17.51,10.65,2.0,0.34,13.69,21.51
2021-08-20,74.62,18.87,17.14,1.34,0.1,13.44,24.23
2021-08-21,77.69,19.56,15.26,2.43,0.33,13.83,26.4
2021-08-22,77.25,18.33,15.22,3.41,0.37,14.8,22.89
2021-08-23,81.75,18.04,10.0,3.45,0.86,13.23,22.54
2021-08-24,72.06,17.83,20.45,3.9,0.12,13.07,23.58
2021-08-25,71.12,17.4,22.13,3.31,0.04,10.97,24.06
2021-08-26,75.88,16.55,12.86,3.34,0.18,10.89,21.77
2021-08-27,73.44,16.57,16.68,3.08,0.07,11.6,21.62
2021-08-28,79.88,16.53,14.95,3.26,0.49,10.69,21.98
2021-08-29,78.19,16.19,11.71,3.22,0.3,11.2,21.2
2021-08-30,78.94,17.94,11.79,3.53,0.24,13.79,22.98
2021-08-31,77.0,17.36,15.25,3.21,0.11,12.13,22.86
2021-09-01,76.75,16.81,19.93,3.54,0.07,11.49,23.17
2021-09-02,73.06,16.94,21.67,3.27,0.05,10.2,24.51
2021-09-03,73.81,19.08,19.4,1.62,0.19,10.33,27.14
2021-09-04,77.44,21.07,13.91,0.95,3.28,16.92,26.32
2021-09-05,72.56,21.39,17.32,1.12,1.04,15.69,27.62
2021-09-06,64.75,21.38,19.45,1.66,0.0,15.23,28.62
2021-09-07,59.88,21.47,20.04,2.77,0.0,14.39,28.8
2021-09-08,70.25,22.36,18.78,2.2,3.66,15.19,29.63
2021-09-09,79.25,21.69,10.35,2.37,6.6,17.87,26.44
2021-09-10,82.94,19.58,12.04,2.28,5.14,14.62,24.44
2021-09-11,78.75,16.91,14.92,1.98,0.03,12.09,22.88
2021-09-12,77.44,16.14,15.88,1.0,0.01,11.92,21.69
2021-09-13,72.69,18.35,16.96,1.84,0.02,10.76,25.69
2021-09-14,90.19,19.35,10.73,1.97,7.39,16.34,22.73
2021-09-15,87.94,19.08,6.77,1.81,7.78,14.1,23.78
2021-09-16,76.81,17.07,13.59,1.29,0.08,11.11,22.58
2021-09-17,73.81,16.98,17.44,1.38,0.02,11.13,22.8
2021-09-18,71.75,17.78,15.4,1.7,0.5,12.07,23.98
2021-09-19,79.12,16.99,10.7,1.72,2.67,11.99,22.59
2021-09-20,87.06,16.21,7.92,1.81,11.18,13.45,20.51
2021-09-21,76.31,13.1,12.13,2.54,0.04,8.32,18.8
2021-09-22,72.62,13.46,16.91,1.47,0.02,6.94,20.3
2021-09-23,79.12,14.77,17.2,1.37,0.05,9.51,22.05
2021-09-24,79.94,15.44,14.34,1.33,0.11,9.29,22.05
2021-09-25,81.94,16.42,13.46,1.28,2.11,9.46,23.42
2021-09-26,85.75,17.06,8.55,2.71,3.21,13.68,22.58
2021-09-27,82.19,15.12,7.68,3.38,4.2,11.19,19.83
2021-09-28,74.75,13.73,12.56,2.41,0.1,10.24,18.56
2021-09-29,75.62,12.67,13.34,3.69,4.55,7.62,16.99
2021-09-30,73.81,11.11,15.43,2.49,0.0,5.79,17.69
2021-10-01,80.25,11.82,9.46,3.83,4.39,6.48,17.54
2021-10-02,87.12,14.7,8.11,5.49,6.76,11.01,18.01
2021-10-03,81.0,14.41,5.37,5.06,14.18,9.41,18.1
2021-10-04,78.0,12.84,13.74,3.7,0.15,7.13,18.63
2021-10-05,82.88,12.61,8.21,5.32,9.41,9.74,17.24
2021-10-06,82.0,11.73,13.32,3.8,0.15,7.4,17.42
2021-10-07,83.06,11.6,11.3,1.18,0.08,6.65,18.42
2021-10-08,83.81,11.69,13.73,2.28,0.1,6.13,18.85
2021-10-09,83.62,11.16,13.58,2.09,0.11,6.65,18.09
2021-10-10,85.62,10.31,13.45,1.45,0.11,5.02,17.76
2021-10-11,86.12,11.01,8.66,2.1,0.17,6.64,15.69
2021-10-12,86.06,10.71,8.79,2.46,0.26,5.94,16.5
2021-10-13,74.56,9.51,11.29,1.16,0.02,3.88,14.98
2021-10-14,72.69,9.99,12.99,1.25,0.02,3.81,16.36
2021-10-15,84.5,10.66,10.43,1.04,0.13,5.61,17.13
2021-10-16,82.62,10.96,11.81,1.27,0.09,7.4,17.23
2021-10-17,77.44,9.32,9.99,1.87,0.01,4.76,15.42
2021-10-18,89.12,12.06,7.66,2.88,3.39,5.56,17.88
2021-10-19,77.94,16.62,11.43,4.1,1.08,12.93,22.34
2021-10-20,80.06,16.24,4.35,6.58,1.43,13.58,19.29
2021-10-21,80.19,9.89,7.17,5.41,5.4,3.8,14.73
2021-10-22,84.0,7.51,9.86,2.23,0.11,1.84,14.29
2021-10-23,84.69,8.65,9.28,1.23,0.26,4.62,15.12
2021-10-24,82.12,7.06,11.27,2.43,0.04,2.36,14.46
2021-10-25,86.38,9.27,4.24,2.62,1.35,4.54,15.85
2021-10-26,90.0,10.9,6.21,2.56,0.19,7.14,16.17
2021-10-27,88.69,10.98,9.82,2.36,0.14,7.12,16.69
2021-10-28,82.75,11.19,10.39,3.94,0.17,6.02,17.9
2021-10-29,91.25,11.2,3.82,4.28,7.12,8.74,14.45
2021-10-30,92.88,12.76,3.52,3.64,6.94,9.71,16.3
2021-10-31,91.19,11.41,5.63,4.48,6.26,7.17,18.8
2021-11-01,89.38,8.86,7.98,4.19,1.77,6.81,13.41
2021-11-02,89.31,8.29,6.38,2.38,2.64,5.8,12.12
2021-11-03,90.31,6.84,6.17,2.24,3.13,4.52,11.34
2021-11-04,92.44,7.33,4.06,3.02,2.7,4.51,10.41
2021-11-05,85.12,6.49,5.23,2.39,0.08,2.83,11.81
2021-11-06,86.94,5.0,8.41,2.09,0.03,0.76,10.15
2021-11-07,87.88,8.56,3.71,2.86,0.74,5.47,13.15
2021-11-08,84.0,7.52,7.33,0.81,0.03,4.05,11.94
2021-11-09,87.0,5.03,7.32,1.2,0.02,1.16,11.76
2021-11-10,86.44,4.23,6.2,0.77,0.06,-0.02,10.72
2021-11-11,91.12,4.38,5.84,0.98,0.04,1.09,10.66
2021-11-12,92.19,6.44,6.46,2.82,0.2,0.93,12.72
2021-11-13,93.25,10.08,3.43,2.99,1.41,8.21,13.62
2021-11-14,92.69,8.88,3.38,2.56,0.58,5.57,13.15
2021-11-15,92.31,6.76,1.78,2.35,0.19,5.18,8.94
2021-11-16,92.56,5.68,2.16,0.71,0.25,3.84,7.55
2021-11-17,95.56,8.05,3.26,1.46,0.54,4.58,12.79
2021-11-18,92.75,6.16,4.01,1.33,0.08,3.96,11.69
2021-11-19,92.56,7.27,4.61,1.23,0.24,4.03,11.11
2021-11-20,92.31,5.92,3.46,1.37,0.17,3.8,8.73
2021-11-21,95.25,5.99,2.38,2.16,2.05,4.53,8.96
2021-11-22,89.88,3.48,4.78,4.67,0.09,-0.71,7.8
2021-11-23,89.25,2.01,6.86,3.36,0.02,-2.4,8.26
2021-11-24,91.31,2.13,6.03,2.31,0.12,-0.03,6.07
2021-11-25,95.5,3.19,4.55,2.19,0.45,0.41,7.13
2021-11-26,94.25,4.26,3.45,4.03,6.68,1.92,5.93
2021-11-27,95.19,2.83,2.07,3.56,4.46,1.24,4.83
2021-11-28,94.0,2.33,2.26,4.91,5.44,-0.7,4.21
2021-11-29,93.56,1.68,3.91,2.62,0.29,-0.46,5.54
2021-11-30,93.94,4.57,1.66,5.59,0.84,0.45,7.67
2021-12-01,91.0,7.79,3.34,5.13,3.82,4.91,10.53
2021-12-02,87.56,3.12,4.33,3.83,0.7,-0.88,5.61
2021-12-03,94.31,2.1,2.23,4.2,7.47,-1.41,9.33
2021-12-04,90.88,7.73,2.37,4.84,7.14,3.76,10.79
2021-12-05,95.69,4.02,2.6,3.45,4.49,2.66,5.87
2021-12-06,95.19,4.36,3.42,3.23,2.66,3.16,6.16
2021-12-07,94.19,4.05,2.1,4.77,2.37,1.2,6.42
2021-12-08,94.31,3.94,4.66,3.68,0.14,2.65,6.11
2021-12-09,92.56,3.04,4.76,4.48,4.24,1.41,6.25
2021-12-10,88.94,4.17,3.39,5.5,12.81,1.51,6.62
2021-12-11,94.75,3.51,4.38,2.7,0.56,1.26,7.77
2021-12-12,97.44,6.57,3.04,2.92,1.7,3.66,9.62
2021-12-13,96.44,6.5,2.8,2.31,0.19,5.23,8.58
2021-12-14,93.81,4.69,1.88,1.18,0.12,3.27,6.44
2021-12-15,92.06,5.51,2.47,0.94,0.03,3.04,9.39
2021-12-16,91.19,7.15,2.2,1.51,0.06,4.98,11.08
2021-12-17,93.81,5.26,3.11,3.09,0.1,2.79,8.6
2021-12-18,91.19,4.55,5.39,3.3,0.1,2.45,8.44
2021-12-19,93.69,4.64,1.91,2.73,0.25,4.07,5.39
2021-12-20,93.06,3.1,2.26,1.94,0.15,-1.35,5.85
2021-12-21,93.81,-2.14,5.33,1.88,0.02,-4.42,2.7
2021-12-22,93.12,-2.38,1.96,2.7,0.04,-4.2,0.91
2021-12-23,97.94,2.25,4.19,3.55,0.98,-1.81,5.42
2021-12-24,98.62,6.83,2.09,2.29,3.84,5.62,8.7
2021-12-25,98.62,6.54,2.14,1.36,2.75,5.16,8.62
2021-12-26,98.44,6.51,1.83,1.91,3.41,5.18,9.72
2021-12-27,96.31,8.56,2.14,4.14,5.85,6.92,10.94
2021-12-28,86.38,10.18,2.33,6.2,5.31,8.24,12.12
2021-12-29,96.25,11.04,1.46,4.06,5.59,7.62,13.77
2021-12-30,95.44,11.3,2.73,3.8,0.2,8.51,14.64
2021-12-31,96.31,8.37,5.3,2.84,0.23,6.27,13.02
2022-01-01,95.19,7.92,4.77,3.08,0.1,6.24,11.89
2022-01-02,92.0,9.36,3.08,5.03,0.15,6.21,13.23
2022-01-03,94.75,9.74,2.15,4.42,8.39,8.86,11.21
2022-01-04,93.5,7.41,1.62,3.51,17.51,2.28,10.08
2022-01-05,89.56,1.51,5.5,2.72,0.01,-1.4,6.33
2022-01-06,88.38,1.19,4.51,2.2,0.32,-1.99,5.8
2022-01-07,93.12,3.41,3.57,4.73,7.45,0.61,6.87
2022-01-08,94.81,5.09,1.38,5.33,14.41,1.33,8.11
2022-01-09,92.62,4.57,2.53,3.23,2.07,2.25,6.69
2022-01-10,96.31,2.06,2.67,1.88,0.14,-0.17,4.0
2022-01-11,90.88,0.16,2.75,1.82,0.01,-2.97,4.73
2022-01-12,91.19,0.58,4.74,1.15,0.08,-2.38,3.91
2022-01-13,94.0,0.62,3.63,1.55,0.05,-1.63,5.5
2022-01-14,87.31,0.9,5.84,1.3,0.03,-1.95,6.05
2022-01-15,91.38,-0.02,5.51,1.22,0.04,-2.74,5.76
2022-01-16,95.81,0.44,2.25,2.73,0.54,-2.95,3.55
2022-01-17,97.06,2.33,3.43,1.02,0.26,0.1,5.07
2022-01-18,93.31,3.06,6.6,1.92,0.06,-0.0,8.26
2022-01-19,94.38,3.66,1.43,2.23,2.16,0.53,6.81
2022-01-20,93.19,2.29,4.82,2.75,0.17,-0.38,6.5
2022-01-21,92.5,1.71,4.38,2.35,0.11,-1.34,6.3
2022-01-22,92.62,2.7,2.75,1.28,0.1,-0.63,6.75
2022-01-23,92.75,1.53,2.89,1.66,0.13,-1.95,4.34
2022-01-24,93.19,-0.24,6.52,1.88,0.06,-2.28,5.51
2022-01-25,93.69,-0.02,2.92,0.77,0.16,-2.69,3.78
2022-01-26,92.25,0.14,2.18,1.07,0.2,-2.06,4.4
2022-01-27,94.94,2.49,2.98,3.19,0.7,-0.75,5.13
2022-01-28,96.06,3.24,2.95,1.95,0.28,0.84,6.2
2022-01-29,95.69,7.72,4.02,4.45,0.7,4.61,9.57
2022-01-30,85.5,5.01,7.46,1.71,0.08,2.13,9.12
2022-01-31,78.5,4.85,5.23,5.33,0.53,-0.77,8.51
2022-02-01,96.31,5.53,2.88,4.34,1.23,-0.63,9.17
2022-02-02,92.31,8.31,3.69,3.06,0.12,6.26,10.8
2022-02-03,93.0,5.81,4.22,3.18,0.22,4.7,6.99
2022-02-04,91.38,5.24,2.98,4.27,0.97,0.34,10.54
2022-02-05,89.56,3.9,9.12,3.81,0.11,0.12,9.4
2022-02-06,92.19,7.58,2.42,7.36,10.31,3.62,10.73
2022-02-07,79.94,4.94,9.43,2.84,0.01,0.75,9.86
2022-02-08,93.38,7.29,4.93,2.97,0.13,3.85,10.93
2022-02-09,87.12,5.52,9.91,1.99,0.07,1.39,11.93
2022-02-10,93.19,4.73,5.1,3.38,3.37,2.75,8.17
2022-02-11,85.44,2.49,9.5,1.73,0.0,-1.63,8.53
2022-02-12,79.62,0.92,10.62,2.66,0.02,-3.17,8.18
2022-02-13,87.75,4.77,8.86,5.58,0.08,-3.23,12.73
2022-02-14,85.69,8.24,6.57,4.59,3.53,4.92,11.53
2022-02-15,89.81,6.37,8.17,5.0,2.15,2.8,9.93
2022-02-16,91.0,11.54,4.49,7.17,3.96,8.23,13.62
2022-02-17,75.5,9.96,8.35,5.81,0.35,6.2,13.35
2022-02-18,81.19,8.9,4.12,7.62,2.23,4.54,11.8
2022-02-19,78.0,5.88,11.39,5.99,0.45,1.82,10.1
2022-02-20,83.75,9.82,4.62,7.51,2.44,7.12,12.92
2022-02-21,73.25,7.7,6.93,7.34,0.47,5.03,10.81
2022-02-22,89.94,7.86,4.46,4.34,0.71,4.23,13.04
2022-02-23,87.94,7.05,7.17,2.13,0.56,3.4,11.95
2022-02-24,82.69,6.65,7.3,4.42,1.44,0.72,11.62
2022-02-25,84.06,3.9,11.56,3.18,0.08,0.4,10.15
2022-02-26,79.19,3.3,13.97,3.02,0.02,-0.63,9.47
2022-02-27,76.19,1.97,12.97,3.48,0.0,-3.74,9.98
2022-02-28,75.69,2.47,14.44,2.01,0.02,-4.08,10.98
2022-03-01,80.12,4.48,8.86,1.43,0.55,0.31,8.62
2022-03-02,78.88,6.15,8.7,1.81,0.05,2.8,12.23
2022-03-03,91.19,8.33,5.81,1.3,0.12,4.12,12.65
2022-03-04,82.62,8.33,9.44,0.72,0.27,4.79,12.97
2022-03-05,72.75,6.18,12.27,0.96,0.09,0.67,12.39
2022-03-06,74.62,2.43,14.37,2.83,0.02,-2.43,8.52
2022-03-07,75.0,0.84,14.7,4.12,0.01,-3.49,6.5
2022-03-08,76.5,3.09,15.32,3.25,0.0,-4.07,12.24
2022-03-09,81.88,6.8,15.01,2.84,0.03,0.58,14.51
2022-03-10,80.5,8.58,15.0,2.88,0.0,2.74,16.4
2022-03-11,89.69,8.48,6.48,4.53,4.93,4.96,12.7
2022-03-12,89.94,7.56,6.41,4.62,1.72,5.98,10.64
2022-03-13,85.12,7.86,5.48,4.72,3.09,4.87,11.6
2022-03-14,78.94,7.83,16.28,2.59,0.1,3.24,14.25
2022-03-15,88.56,9.16,6.65,1.91,6.83,6.41,13.48
2022-03-16,88.5,11.19,5.85,2.4,0.12,7.06,16.97
2022-03-17,74.88,7.93,7.16,3.81,0.12,2.4,12.22
2022-03-18,68.5,6.95,14.88,4.81,0.02,-0.07,14.55
2022-03-19,70.88,7.7,16.47,4.73,0.0,2.09,15.09
2022-03-20,73.88,6.38,11.58,1.84,0.0,-0.68,12.94
2022-03-21,80.0,10.56,16.55,2.13,0.05,5.05,17.64
2022-03-22,70.94,9.69,17.48,2.35,0.0,3.61,17.22
2022-03-23,67.88,9.34,17.63,1.63,0.0,1.3,17.48
2022-03-24,68.62,10.52,17.15,2.16,0.0,2.97,19.26
2022-03-25,67.25,9.83,17.7,2.98,0.0,2.4,18.22
2022-03-26,71.94,10.19,17.37,3.45,0.0,3.98,18.15
2022-03-27,73.5,10.94,18.21,2.58,0.0,4.58,19.49
2022-03-28,66.94,12.55,16.35,1.0,0.49,6.24,20.34
2022-03-29,92.38,11.57,8.58,1.79,6.17,9.73,14.37
2022-03-30,87.19,10.27,8.03,1.84,3.7,7.19,13.51
2022-03-31,83.94,4.86,8.28,4.18,2.25,1.48,6.48
2022-04-01,82.69,1.9,5.36,5.66,2.52,-0.21,3.76
2022-04-02,71.19,2.57,11.22,4.55,0.02,-2.27,7.5
2022-04-03,70.81,3.12,17.36,2.84,0.01,-2.67,9.01
2022-04-04,74.19,4.96,17.11,4.25,0.72,-2.0,10.61
2022-04-05,89.44,9.83,5.2,3.87,1.2,6.5,14.01
2022-04-06,84.25,9.34,7.97,5.09,0.82,5.82,12.05
2022-04-07,76.25,10.8,11.13,7.17,3.43,5.68,14.75
2022-04-08,94.69,5.37,6.29,2.8,27.27,2.4,8.87
2022-04-09,80.75,5.37,13.3,1.85,2.05,1.19,10.01
2022-04-10,68.25,7.15,21.08,1.85,0.01,-0.3,13.9
2022-04-11,73.12,10.71,20.06,3.49,0.0,2.65,17.89
2022-04-12,77.81,13.86,17.31,3.1,1.31,8.23,20.41
2022-04-13,86.69,13.12,9.01,0.71,5.6,10.34,15.71
2022-04-14,76.94,14.76,20.06,0.84,0.01,10.2,20.43
2022-04-15,76.0,14.39,20.82,1.74,0.0,9.5,20.28
2022-04-16,73.88,12.55,23.92,3.23,0.01,6.82,18.77
2022-04-17,65.06,11.08,25.03,2.82,0.0,3.08,19.73
2022-04-18,71.69,10.69,21.0,1.49,0.0,3.54,17.29
2022-04-19,76.5,11.63,19.81,2.17,0.02,6.9,17.37
2022-04-20,72.94,11.54,21.11,2.84,0.03,7.27,17.74
2022-04-21,71.19,11.67,23.99,2.89,0.0,3.94,18.82
2022-04-22,75.0,12.56,23.11,2.93,0.01,6.98,18.36
2022-04-23,83.19,12.02,14.15,3.2,0.46,7.59,17.38
2022-04-24,76.0,13.26,13.83,2.55,0.22,8.69,18.39
2022-04-25,74.81,10.58,18.88,2.73,0.07,5.9,16.18
2022-04-26,76.56,10.4,16.34,2.69,0.05,5.69,16.07
2022-04-27,74.75,11.37,24.61,3.3,0.0,4.08,18.19
2022-04-28,72.5,13.24,21.94,3.02,0.0,6.47,20.56
2022-04-29,77.06,12.62,18.84,2.73,0.02,7.45,18.92
2022-04-30,71.44,11.15,24.92,3.16,0.01,5.66,16.6
2022-05-01,71.44,10.07,20.96,2.36,0.0,3.43,16.39
2022-05-02,72.12,12.41,19.05,2.82,0.01,5.88,17.2
2022-05-03,71.0,13.14,21.75,3.26,0.01,7.24,19.12
2022-05-04,78.12,12.29,11.26,2.26,0.13,7.15,18.03
2022-05-05,79.44,13.05,14.78,2.31,0.55,7.07,18.55
2022-05-06,74.19,14.34,25.14,1.86,0.04,7.28,21.12
2022-05-07,77.56,14.66,19.9,1.54,0.34,9.07,20.05
2022-05-08,79.31,15.1,23.37,2.65,0.13,9.14,20.62
2022-05-09,71.75,17.24,25.39,1.24,0.01,8.26,24.03
2022-05-10,69.75,18.76,22.83,2.66,0.0,13.39,25.63
2022-05-11,70.12,17.51,27.6,3.21,0.0,10.21,24.05
2022-05-12,70.19,15.24,20.26,2.02,0.0,9.51,21.08
2022-05-13,69.44,14.23,28.35,1.72,0.0,6.75,20.71
2022-05-14,67.31,15.9,25.33,0.98,0.0,8.33,22.44
2022-05-15,65.62,19.38,23.9,2.59,2.77,11.82,26.23
2022-05-16,75.5,18.73,20.9,2.36,1.84,14.58,23.15
2022-05-17,68.12,20.79,26.04,1.79,0.03,13.37,27.01
2022-05-18,72.25,21.08,25.66,2.12,1.19,13.98,26.79
2022-05-19,79.81,19.7,21.45,2.0,3.37,15.9,23.58
2022-05-20,81.88,17.47,15.22,3.16,4.34,11.83,23.5
2022-05-21,71.44,17.12,26.29,1.27,0.02,10.15,23.3
2022-05-22,75.0,16.79,15.42,1.99,1.57,11.87,21.23
2022-05-23,85.0,16.42,8.63,2.85,5.61,12.8,19.95
2022-05-24,73.94,13.62,20.82,3.16,1.21,9.55,17.98
2022-05-25,70.62,14.84,24.59,2.95,0.51,7.47,20.59
2022-05-26,76.06,16.58,18.53,2.81,0.13,11.54,22.01
2022-05-27,76.31,15.56,14.96,2.74,0.37,9.57,20.97
2022-05-28,68.56,14.2,24.77,2.58,0.01,8.06,20.2
2022-05-29,67.81,11.81,24.48,3.17,0.04,6.03,16.46
2022-05-30,67.69,12.8,24.77,1.86,0.02,7.06,18.44
2022-05-31,63.5,14.06,24.18,1.91,0.05,7.52,19.94
2022-06-01,64.62,15.12,28.71,2.03,0.0,8.33,21.44
2022-06-02,60.75,16.46,26.19,2.93,0.0,8.73,22.89
2022-06-03,78.62,18.01,12.29,1.95,7.41,12.37,24.4
2022-06-04,85.06,19.62,22.44,1.93,11.23,13.45,25.96
2022-06-05,86.44,17.96,14.58,2.31,3.0,12.73,22.29
2022-06-06,71.44,16.59,22.49,2.51,0.14,10.87,21.29
2022-06-07,76.38,17.59,19.97,2.96,1.55,13.19,21.89
2022-06-08,77.88,16.32,15.7,3.33,10.49,12.01,21.51
2022-06-09,70.12,16.52,22.69,2.49,0.08,10.07,21.23
2022-06-10,72.0,19.19,24.71,2.41,0.01,13.24,24.53
2022-06-11,74.25,19.89,27.45,1.66,0.23,13.69,25.41
2022-06-12,65.75,17.43,28.7,2.12,0.0,11.08,23.69
2022-06-13,68.38,16.62,30.32,1.89,0.01,8.74,22.43
2022-06-14,63.38,17.86,28.45,2.25,0.0,9.73,24.13
2022-06-15,59.56,20.91,28.1,1.86,0.0,13.15,28.19
2022-06-16,62.69,21.04,28.74,1.77,0.0,13.35,27.65
2022-06-17,53.25,24.11,27.97,1.48,0.0,14.75,30.55
2022-06-18,57.31,26.12,27.66,1.78,0.15,17.94,34.17
2022-06-19,78.12,20.29,24.2,3.73,5.73,14.22,26.59
2022-06-20,77.62,17.82,16.2,3.19,17.83,13.19,22.94
2022-06-21,70.56,19.25,24.39,2.57,1.58,12.26,25.4
2022-06-22,76.69,19.48,16.27,1.91,1.7,13.87,24.8
2022-06-23,73.44,21.51,22.58,2.01,0.94,16.13,26.53
2022-06-24,76.06,19.71,19.84,3.24,7.58,16.63,22.94
2022-06-25,83.88,16.86,10.02,2.21,4.65,13.87,20.39
2022-06-26,75.31,16.27,15.44,1.57,0.3,12.12,20.94
2022-06-27,69.38,17.51,21.95,2.18,0.73,12.8,22.65
2022-06-28,63.19,19.02,30.73,1.49,0.0,10.73,25.36
2022-06-29,64.31,19.51,28.7,2.21,0.11,11.96,25.58
2022-06-30,82.56,14.61,6.44,1.84,9.94,10.9,17.28
2022-07-01,68.44,16.22,23.62,1.96,0.23,8.76,21.81
2022-07-02,58.5,19.15,30.44,1.7,0.0,11.67,25.02
2022-07-03,69.06,18.05,27.98,2.11,0.0,10.65,24.16
2022-07-04,65.69,18.37,29.88,1.6,0.0,11.41,24.95
2022-07-05,66.12,18.23,29.8,2.26,0.01,9.59,25.16
2022-07-06,68.25,18.64,27.54,1.94,0.0,10.9,24.77
2022-07-07,72.0,18.46,16.77,3.06,0.05,12.44,23.24
2022-07-08,67.75,18.44,29.94,2.08,0.0,9.63,25.64
2022-07-09,64.81,20.91,28.01,2.43,0.0,14.64,28.11
2022-07-10,63.75,19.26,29.44,3.23,0.0,12.05,25.61
2022-07-11,62.31,21.95,29.64,2.59,0.0,14.08,28.6
2022-07-12,53.5,23.1,28.71,1.52,0.0,14.62,30.48
2022-07-13,53.81,25.31,24.27,1.85,0.0,16.93,33.83
2022-07-14,61.38,23.4,26.32,2.9,0.0,16.35,29.99
2022-07-15,55.19,19.84,28.97,2.7,0.0,13.42,25.9
2022-07-16,56.38,20.91,28.56,2.23,0.0,12.69,27.9
2022-07-17,48.88,22.52,26.52,2.41,0.0,14.0,30.26
2022-07-18,40.94,26.52,26.99,1.68,0.0,17.05,35.35
2022-07-19,44.25,28.47,27.27,3.34,0.05,19.07,38.21
2022-07-20,73.88,21.33,9.96,2.23,8.49,17.24,24.2
2022-07-21,71.5,21.74,19.38,1.95,0.33,14.8,27.72
2022-07-22,75.06,20.93,12.61,1.48,3.29,15.57,26.51
2022-07-23,70.38,22.26,19.06,1.48,0.58,17.07,27.61
2022-07-24,59.62,24.87,27.46,2.03,0.0,16.49,31.88
2022-07-25,60.31,22.51,20.71,3.38,0.0,17.01,27.52
2022-07-26,66.88,19.56,15.15,2.43,0.15,14.77,23.87
2022-07-27,60.0,19.1,22.44,2.57,0.01,13.56,24.47
2022-07-28,53.62,19.54,19.35,1.61,0.0,13.02,25.55
2022-07-29,58.88,21.31,22.14,1.49,0.34,15.05,28.28
2022-07-30,58.75,22.8,21.62,1.76,0.0,16.01,29.7
2022-07-31,67.12,22.77,26.27,2.3,0.0,16.14,29.36
2022-08-01,68.5,22.33,16.86,1.59,0.05,16.2,28.15
2022-08-02,58.25,24.44,24.77,0.95,0.0,16.91,31.08
2022-08-03,47.25,27.11,26.06,1.27,0.0,18.75,34.29
2022-08-04,66.44,23.69,18.39,2.29,5.08,18.17,29.96
2022-08-05,62.75,20.48,21.74,3.12,1.13,14.44,26.44
2022-08-06,51.88,18.14,27.28,3.63,0.0,11.08,24.33
2022-08-07,52.0,19.51,26.71,3.74,0.0,11.69,26.36
2022-08-08,53.12,20.6,25.66,3.88,0.0,12.69,27.75
2022-08-09,55.19,22.08,25.54,3.78,0.0,13.53,29.88
2022-08-10,51.19,23.83,25.27,3.16,0.0,15.13,32.02
2022-08-11,42.12,24.27,25.33,2.84,0.0,15.92,32.19
2022-08-12,39.75,25.01,25.13,2.48,0.0,16.14,33.51
2022-08-13,38.0,24.79,25.7,2.41,0.0,16.6,32.72
2022-08-14,63.56,21.72,12.19,1.92,3.07,17.02,28.07
2022-08-15,72.25,21.15,12.89,2.07,1.8,16.41,26.41
2022-08-16,72.75,21.12,13.96,1.35,8.74,16.57,25.15
2022-08-17,72.31,20.78,15.4,1.17,2.17,16.58,24.55
2022-08-18,65.06,22.06,17.68,1.57,0.15,15.95,28.36
2022-08-19,78.69,20.59,12.25,2.46,1.76,15.01,26.65
2022-08-20,61.94,19.69,23.8,1.6,0.07,12.17,25.95
2022-08-21,56.25,20.51,16.66,1.19,0.01,12.96,26.4
2022-08-22,64.75,21.31,14.01,1.33,0.03,14.58,26.96
2022-08-23,67.12,23.8,17.16,1.27,0.36,17.3,28.91
2022-08-24,54.94,25.75,21.81,1.15,0.0,18.83,32.29
2022-08-25,56.19,24.37,19.53,2.59,0.12,18.53,32.15
2022-08-26,65.94,21.87,14.26,2.62,0.1,17.06,27.49
2022-08-27,62.44,19.57,18.85,2.6,0.0,13.8,25.73
2022-08-28,62.75,19.96,17.46,2.9,0.0,12.88,26.78
2022-08-29,53.06,21.56,19.94,3.32,0.0,14.9,29.2
2022-08-30,62.56,20.19,10.0,1.91,0.52,14.68,27.01
2022-08-31,63.75,20.81,19.19,2.36,0.0,14.05,27.44
2022-09-01,58.44,22.21,17.3,2.46,0.04,16.4,28.71
2022-09-02,66.69,20.47,11.98,1.69,3.75,16.46,25.99
2022-09-03,71.69,20.23,13.65,1.9,0.95,16.0,25.37
2022-09-04,58.25,21.49,18.05,1.95,0.1,13.8,28.8
2022-09-05,60.0,23.33,17.28,1.84,2.83,16.24,30.57
2022-09-06,74.06,20.47,17.93,1.79,9.96,14.94,27.7
2022-09-07,80.94,18.27,11.82,2.68,5.1,14.51,23.26
2022-09-08,76.94,17.73,13.35,3.86,3.5,13.6,22.47
2022-09-09,79.06,16.8,11.65,4.43,4.87,13.27,21.16
2022-09-10,84.06,16.63,8.68,3.01,4.41,12.62,20.96
2022-09-11,74.5,17.76,15.31,0.99,0.17,12.09,24.2
2022-09-12,65.12,19.72,18.11,1.97,0.14,12.09,27.36
2022-09-13,69.19,21.59,8.73,1.51,1.36,17.05,27.44
2022-09-14,82.5,21.31,12.56,2.0,3.07,17.54,26.62
2022-09-15,73.06,17.92,12.71,2.52,0.31,12.87,23.14
2022-09-16,71.12,14.02,10.08,2.52,0.26,9.84,18.29
2022-09-17,66.38,11.9,15.49,3.1,0.01,7.12,18.13
2022-09-18,70.62,12.61,16.48,2.78,0.0,5.89,20.13
2022-09-19,70.06,12.9,14.31,2.05,0.01,6.92,19.46
2022-09-20,74.75,12.76,11.47,1.62,0.01,6.93,18.7
2022-09-21,69.81,12.94,16.61,1.83,0.03,7.37,20.01
2022-09-22,58.19,13.9,16.88,1.14,0.0,5.72,21.17
2022-09-23,59.62,15.09,10.28,1.14,0.1,10.17,20.13
2022-09-24,80.69,14.57,7.78,1.22,3.34,11.87,17.74
2022-09-25,74.94,13.42,11.29,2.93,0.3,8.97,18.88
2022-09-26,79.38,12.24,6.95,4.22,7.82,9.02,16.46
2022-09-27,81.38,12.24,8.74,3.66,2.93,8.65,16.54
2022-09-28,77.25,11.56,9.6,1.87,0.65,7.6,16.46
2022-09-29,75.5,10.79,8.05,0.9,1.45,6.92,15.42
2022-09-30,70.25,12.13,13.92,2.65,3.43,5.76,18.57
2022-10-01,77.5,16.19,9.1,4.8,5.21,11.44,20.69
2022-10-02,91.0,14.79,7.56,2.77,8.58,8.94,19.12
2022-10-03,80.06,11.65,8.98,1.46,0.12,7.37,18.14
2022-10-04,77.81,12.27,13.23,2.08,0.07,6.08,20.19
2022-10-05,76.62,15.31,13.13,4.24,0.42,8.75,22.23
2022-10-06,70.88,13.73,14.82,1.4,0.04,8.01,19.29
2022-10-07,67.75,11.98,13.23,1.52,0.01,5.34,19.48
2022-10-08,75.19,11.9,13.35,1.96,0.13,6.93,18.54
2022-10-09,75.56,11.15,14.54,2.24,0.0,4.15,19.65
2022-10-10,84.88,13.47,7.17,2.78,0.15,7.66,20.73
2022-10-11,71.94,11.05,11.26,2.38,0.0,6.8,17.97
2022-10-12,79.56,12.58,11.35,1.41,0.03,6.68,19.64
2022-10-13,85.81,13.73,5.45,3.26,3.36,10.67,17.21
2022-10-14,92.94,14.95,3.61,2.51,4.74,12.84,17.73
2022-10-15,81.38,16.27,6.61,3.69,2.51,13.2,20.72
2022-10-16,84.88,16.67,7.67,2.52,2.52,12.59,21.97
2022-10-17,92.69,16.83,3.4,2.62,7.72,15.2,18.73
2022-10-18,89.19,16.75,6.53,1.75,1.95,13.69,21.56
2022-10-19,84.81,16.99,10.36,3.99,0.23,13.14,23.03
2022-10-20,86.69,17.34,9.7,3.44,9.94,14.5,22.31
2022-10-21,85.44,16.44,8.79,3.77,5.2,13.14,21.15
2022-10-22,83.44,15.65,10.57,2.91,0.07,10.94,21.31
2022-10-23,72.88,17.94,5.77,5.02,0.44,14.48,23.36
2022-10-24,78.44,15.62,7.34,5.35,0.82,12.35,19.06
2022-10-25,82.81,14.94,8.04,3.15,1.26,11.2,19.64
2022-10-26,84.62,16.19,10.34,3.47,0.03,12.13,22.0
2022-10-27,80.25,17.59,6.91,3.84,0.12,13.12,24.15
2022-10-28,82.31,17.76,7.08,3.02,0.01,14.91,22.9
2022-10-29,77.12,17.58,6.83,3.12,0.0,14.87,22.41
2022-10-30,91.38,14.87,6.95,1.53,0.6,12.55,19.24
2022-10-31,86.75,16.12,7.81,3.18,3.92,12.41,21.23
2022-11-01,75.25,13.67,9.08,5.55,0.19,9.37,17.59
2022-11-02,81.81,11.7,8.15,3.72,0.13,8.18,15.7
2022-11-03,89.25,10.84,2.18,4.41,4.79,7.78,15.14
2022-11-04,87.38,8.9,5.11,3.29,2.26,3.9,13.01
2022-11-05,85.31,8.02,5.18,2.98,0.08,3.87,12.66
2022-11-06,87.88,7.65,1.93,4.3,6.05,5.08,10.14
2022-11-07,88.88,11.9,4.75,4.81,0.25,9.03,16.95
2022-11-08,87.5,12.19,5.05,4.92,0.33,8.78,15.96
2022-11-09,89.62,11.13,5.87,3.55,0.36,6.86,15.37
2022-11-10,92.19,8.69,4.94,2.48,0.07,6.62,14.11
2022-11-11,93.5,8.12,5.3,2.39,0.09,6.06,12.47
2022-11-12,93.44,9.76,7.12,2.01,0.15,7.15,16.15
2022-11-13,87.12,8.22,6.17,1.79,0.05,3.08,15.48
2022-11-14,93.75,8.4,5.48,2.31,0.11,2.86,15.16
2022-11-15,95.5,9.21,2.17,4.11,5.39,6.8,12.71
2022-11-16,91.62,10.26,3.74,5.61,7.35,7.21,13.31
2022-11-17,85.19,10.98,4.52,5.67,3.15,8.14,13.75
2022-11-18,92.31,8.44,4.21,3.3,1.06,5.18,11.9
2022-11-19,91.38,7.23,4.49,1.94,0.77,4.83,11.51
2022-11-20,92.06,5.8,3.02,3.65,2.11,2.4,9.74
2022-11-21,92.81,5.68,2.0,4.22,3.31,2.99,7.22
2022-11-22,86.69,7.22,4.38,5.59,3.8,3.0,10.55
2022-11-23,91.56,7.51,3.45,4.79,7.43,3.87,12.41
2022-11-24,91.75,8.98,5.77,4.66,1.2,7.19,12.08
2022-11-25,94.88,7.21,5.03,2.65,0.9,3.01,11.94
2022-11-26,92.38,5.62,2.88,2.94,0.04,2.49,9.08
2022-11-27,83.06,5.82,2.47,3.8,7.67,3.3,8.37
2022-11-28,95.5,7.2,3.78,2.15,2.34,5.71,9.83
2022-11-29,93.69,6.71,3.08,0.55,0.19,5.33,8.58
2022-11-30,94.06,4.95,2.45,2.18,0.11,3.57,6.59
2022-12-01,90.25,4.48,2.36,3.13,0.15,2.8,7.9
2022-12-02,91.31,3.13,1.63,3.12,0.93,1.37,5.76
2022-12-03,91.56,1.07,1.81,3.3,0.17,-1.04,5.18
2022-12-04,89.88,1.15,1.66,2.69,1.52,-0.78,3.3
2022-12-05,91.69,1.0,1.48,1.08,1.87,-1.07,3.37
2022-12-06,96.94,1.44,1.7,1.04,0.15,-1.61,4.52
2022-12-07,95.75,3.07,2.98,1.1,0.29,1.3,5.48
2022-12-08,94.19,1.61,2.13,1.01,0.39,-0.35,3.63
2022-12-09,94.88,-0.22,3.71,1.46,0.18,-1.71,2.9
2022-12-10,91.5,-1.1,3.48,1.23,0.06,-3.77,3.88
2022-12-11,92.25,-2.72,2.55,2.42,0.05,-4.53,0.94
2022-12-12,83.06,-2.52,3.25,2.91,0.42,-4.27,0.92
2022-12-13,79.31,-2.83,4.93,3.2,0.0,-4.42,0.5
2022-12-14,85.69,-1.46,2.83,1.93,1.34,-3.38,1.06
2022-12-15,89.56,-3.04,4.19,3.17,0.03,-5.92,1.37
2022-12-16,95.94,-2.3,4.24,2.12,0.09,-4.52,2.36
2022-12-17,93.56,-5.17,3.53,1.7,0.07,-7.48,-0.46
2022-12-18,91.12,-2.97,2.67,3.88,6.3,-8.17,4.23
2022-12-19,99.06,5.04,2.3,4.61,1.84,3.24,7.48
2022-12-20,98.62,7.51,1.5,3.98,9.11,5.15,9.97
2022-12-21,97.12,8.47,2.58,3.73,6.31,5.44,10.74
2022-12-22,94.62,10.73,1.73,5.17,9.25,9.99,11.73
2022-12-23,94.31,11.62,1.73,4.7,5.13,9.65,14.56
2022-12-24,96.44,9.16,2.22,3.07,0.61,7.98,11.31
2022-12-25,93.81,9.74,2.49,3.62,2.38,7.61,12.7
2022-12-26,90.19,7.48,2.29,3.87,1.21,2.95,11.33
2022-12-27,91.06,5.01,4.54,3.51,0.13,2.75,8.94
2022-12-28,92.06,9.36,2.51,6.87,3.39,7.03,10.98
2022-12-29,87.75,8.47,3.6,5.29,1.78,4.75,11.33
2022-12-30,93.81,9.87,1.42,6.68,4.51,4.73,14.07
2022-12-31,82.19,12.98,3.08,7.13,0.58,10.84,15.65
2023-01-01,88.62,10.98,1.0,4.48,4.52,9.95,12.68
2023-01-02,91.75,8.74,2.58,3.14,5.81,4.61,11.68
2023-01-03,95.0,6.4,2.77,4.24,1.36,5.26,7.61
2023-01-04,93.25,10.73,1.28,6.18,2.07,8.12,12.95
2023-01-05,93.19,11.13,2.29,3.7,0.87,9.3,13.73
2023-01-06,92.5,9.69,2.87,4.21,0.22,7.8,12.33
2023-01-07,87.94,7.5,3.49,5.33,1.09,4.63,10.27
2023-01-08,92.06,7.94,3.9,5.05,4.04,5.37,10.43
2023-01-09,91.75,5.84,2.88,5.52,2.4,2.93,8.15
2023-01-10,95.75,6.63,1.58,5.18,3.45,3.05,10.93
2023-01-11,87.31,9.29,4.66,5.34,3.66,7.12,11.21
2023-01-12,91.19,9.4,2.17,6.92,1.99,7.25,11.14
2023-01-13,87.19,7.88,4.57,5.09,1.12,5.43,10.78
2023-01-14,92.88,9.14,1.2,6.72,12.42,5.39,12.04
2023-01-15,86.25,6.13,5.13,6.1,2.09,4.36,8.49
2023-01-16,91.44,4.11,2.26,6.1,9.07,0.39,6.12
2023-01-17,92.31,1.21,1.83,2.62,0.97,-1.38,4.87
2023-01-18,92.56,0.11,6.45,2.17,0.23,-4.13,4.67
2023-01-19,95.69,0.56,2.16,1.73,0.65,-1.6,3.49
2023-01-20,91.81,1.83,3.24,2.97,0.52,-2.2,5.93
2023-01-21,88.25,-0.1,4.79,4.08,0.12,-2.99,4.01
2023-01-22,86.75,-1.09,2.73,3.07,0.06,-3.09,2.53
2023-01-23,91.88,-0.56,2.18,3.33,0.06,-2.45,3.49
2023-01-24,92.44,0.08,2.1,2.87,0.07,-2.48,4.17
2023-01-25,92.75,-0.2,1.87,1.52,0.16,-1.93,2.44
2023-01-26,94.5,1.29,2.45,2.41,0.62,-1.22,3.87
2023-01-27,89.38,2.98,2.17,4.23,0.14,1.01,5.76
2023-01-28,88.5,0.35,3.57,2.87,0.05,-3.35,4.37
2023-01-29,86.88,0.9,6.21,1.68,0.08,-2.96,5.1
2023-01-30,93.69,3.28,2.93,3.16,0.47,-0.27,8.86
2023-01-31,93.56,3.59,4.88,3.32,0.19,-1.38,7.43
2023-02-01,87.06,6.06,4.43,4.13,0.06,3.97,9.59
2023-02-02,87.19,6.43,3.13,3.76,0.1,3.56,11.19
2023-02-03,94.81,6.89,3.54,3.55,0.31,4.54,10.02
2023-02-04,90.44,7.43,3.39,1.93,0.32,4.99,11.66
2023-02-05,85.44,5.15,5.94,3.59,0.23,1.9,9.46
2023-02-06,86.31,2.57,9.1,3.39,0.1,-1.03,7.64
2023-02-07,83.81,0.54,9.58,2.82,0.04,-3.76,6.3
2023-02-08,78.0,-0.97,9.97,1.92,0.0,-4.49,6.37
2023-02-09,70.31,1.01,8.96,0.93,0.01,-4.3,6.67
2023-02-10,88.81,3.19,6.21,1.69,0.1,0.08,9.04
2023-02-11,93.75,3.49,8.86,1.02,0.07,-0.14,8.72
2023-02-12,89.44,4.5,5.32,2.07,0.06,0.63,9.94
2023-02-13,86.75,4.37,10.13,1.98,0.06,0.76,11.49
2023-02-14,87.19,4.41,10.53,1.47,0.0,-0.93,12.9
2023-02-15,88.75,4.74,8.22,2.02,0.03,0.12,11.9
2023-02-16,88.12,7.47,7.2,3.74,0.24,2.47,12.7
2023-02-17,90.12,11.39,3.29,4.12,0.23,8.49,16.63
2023-02-18,86.38,9.84,4.71,4.51,0.29,8.4,12.65
2023-02-19,83.44,9.19,6.19,2.86,0.13,4.3,13.72
2023-02-20,86.94,6.65,11.69,1.78,0.03,2.99,12.37
2023-02-21,85.56,7.2,10.94,1.5,0.07,2.59,14.28
2023-02-22,94.94,7.86,2.23,1.95,0.82,5.92,11.29
2023-02-23,92.19,7.3,5.85,2.25,0.48,5.71,10.81
2023-02-24,84.5,6.3,5.55,2.76,0.07,3.47,11.34
2023-02-25,77.75,4.29,8.05,4.01,0.08,-0.41,8.55
2023-02-26,70.06,0.34,11.78,5.46,0.0,-3.27,4.77
2023-02-27,71.56,0.4,13.9,4.91,0.0,-4.11,6.61
2023-02-28,76.06,-0.0,11.37,3.56,0.0,-3.38,5.24
2023-03-01,79.0,0.57,13.03,3.22,0.0,-3.84,7.38
2023-03-02,83.19,2.25,12.37,2.49,0.0,-3.52,9.92
2023-03-03,81.88,2.23,13.06,2.99,0.05,-1.49,9.37
2023-03-04,83.56,3.14,7.12,2.7,0.08,-1.4,8.78
2023-03-05,80.19,4.37,4.44,1.31,0.34,1.03,8.83
2023-03-06,79.44,4.45,5.83,2.41,0.17,-0.24,8.48
2023-03-07,82.38,4.51,8.82,3.95,3.91,0.62,8.24
2023-03-08,86.31,9.96,5.38,6.16,11.2,3.79,15.86
2023-03-09,85.5,11.25,7.56,6.61,8.44,8.57,14.23
2023-03-10,81.56,6.7,5.5,6.55,5.43,1.74,10.36
2023-03-11,74.25,4.94,10.58,1.84,0.73,-0.9,9.55
2023-03-12,82.25,11.05,9.65,4.92,2.08,7.47,15.2
2023-03-13,80.5,13.02,4.71,7.16,0.94,9.64,17.46
2023-03-14,76.88,7.58,10.63,5.23,2.98,1.96,10.8
2023-03-15,78.06,6.13,13.47,1.84,0.07,1.68,11.46
2023-03-16,68.56,8.86,13.31,4.01,0.0,2.29,15.8
2023-03-17,84.12,10.76,9.44,3.43,0.63,7.92,14.1
2023-03-18,84.38,10.8,13.57,3.88,2.64,7.41,16.15
2023-03-19,84.62,8.74,7.29,2.41,2.51,4.56,12.62
2023-03-20,80.5,8.2,13.18,2.41,0.15,1.26,14.98
2023-03-21,82.19,10.64,10.07,3.47,0.33,6.76,15.85
2023-03-22,85.44,10.05,8.12,5.4,1.33,6.15,13.31
2023-03-23,82.44,12.6,10.04,5.96,4.76,9.68,15.53
2023-03-24,75.94,11.73,15.12,6.45,2.12,7.49,15.82
2023-03-25,76.88,10.25,12.49,5.71,0.65,7.67,13.76
2023-03-26,82.44,8.6,10.69,5.16,6.18,3.86,11.01
2023-03-27,71.81,5.11,13.47,2.62,0.08,0.69,10.8
2023-03-28,66.75,6.55,10.4,3.12,0.2,0.13,12.19
2023-03-29,80.62,12.44,12.7,3.46,0.19,7.9,16.95
2023-03-30,79.0,12.94,13.9,5.42,4.89,10.37,16.7
2023-03-31,75.44,11.91,11.38,8.27,2.74,9.64,14.3
2023-04-01,81.69,10.37,12.8,5.87,4.62,7.26,13.58
2023-04-02,81.81,8.13,3.79,4.43,0.6,4.77,11.82
2023-04-03,70.12,6.84,18.8,3.59,0.03,1.73,12.68
2023-04-04,67.5,4.7,22.35,2.55,0.0,-2.06,11.94
2023-04-05,63.06,7.9,21.88,0.88,0.0,-0.09,14.76
2023-04-06,81.25,8.69,8.85,2.69,1.28,4.53,14.33
2023-04-07,79.0,8.49,15.35,2.52,0.2,3.99,13.7
2023-04-08,79.12,8.25,19.94,2.05,0.03,3.25,15.28
2023-04-09,75.69,10.68,20.47,1.88,0.02,3.23,17.75
2023-04-10,79.5,11.69,9.11,3.98,6.08,7.04,17.3
2023-04-11,81.31,9.78,12.82,4.32,8.73,7.5,13.77
2023-04-12,69.94,9.91,16.31,6.09,8.02,7.42,12.72
2023-04-13,73.56,8.67,18.73,3.98,1.31,5.8,12.05
2023-04-14,86.62,7.05,8.53,3.4,2.83,4.06,9.26
2023-04-15,84.25,8.75,9.67,3.02,7.68,3.73,13.6
2023-04-16,74.88,8.9,16.69,2.95,0.04,3.55,15.85
2023-04-17,82.0,9.37,11.73,3.12,0.11,4.2,14.82
2023-04-18,75.88,10.76,16.91,3.88,0.19,5.4,16.05
2023-04-19,75.25,12.23,21.58,3.84,0.09,6.54,18.21
2023-04-20,75.0,7.49,16.56,3.34,0.27,3.0,12.55
2023-04-21,74.19,8.51,16.97,1.36,0.39,2.77,14.76
2023-04-22,86.0,10.57,10.25,2.63,5.84,5.55,15.21
2023-04-23,87.81,9.83,9.12,3.99,5.42,6.82,14.14
2023-04-24,80.88,10.29,12.33,3.09,3.6,6.9,13.98
2023-04-25,78.06,8.26,11.97,2.29,0.62,4.84,13.05
2023-04-26,70.5,9.48,15.63,1.75,0.19,2.64,15.19
2023-04-27,75.69,12.69,18.02,2.33,3.52,6.52,17.8
2023-04-28,84.44,15.73,14.49,3.33,5.25,9.69,21.23
2023-04-29,78.81,12.04,10.85,2.15,0.04,7.26,17.44
2023-04-30,73.94,12.69,16.94,1.65,0.02,6.72,17.37
2023-05-01,80.25,12.12,16.05,2.28,3.07,7.29,16.03
2023-05-02,77.31,12.4,21.08,1.92,0.11,6.26,18.44
2023-05-03,70.25,12.94,26.61,3.26,0.0,4.8,20.05
2023-05-04,76.94,15.28,20.12,3.27,0.54,7.96,22.61
2023-05-05,82.25,14.26,16.1,2.41,3.88,9.02,19.45
2023-05-06,83.75,15.33,17.93,1.53,4.07,9.84,20.48
2023-05-07,88.25,15.0,11.68,1.57,15.06,10.57,18.97
2023-05-08,83.25,14.77,14.86,1.51,0.22,9.0,20.2
2023-05-09,89.88,13.7,8.38,2.8,15.0,12.09,17.06
2023-05-10,85.38,12.83,12.62,3.17,7.1,9.9,16.09
2023-05-11,81.38,12.18,14.7,1.66,1.15,7.32,15.84
2023-05-12,85.69,12.33,11.43,3.04,1.46,9.02,15.46
2023-05-13,79.19,14.65,20.46,3.33,1.35,9.03,20.66
2023-05-14,80.38,13.24,13.28,2.55,0.52,7.73,19.47
2023-05-15,83.56,11.69,13.46,2.56,1.91,6.89,17.84
2023-05-16,70.44,11.03,24.77,3.89,0.0,5.22,16.55
2023-05-17,73.44,11.83,22.57,3.27,0.02,4.98,17.33
2023-05-18,69.94,11.79,23.18,3.0,0.0,6.25,17.88
2023-05-19,69.94,13.24,25.5,3.38,0.0,5.91,19.69
2023-05-20,73.25,15.15,19.68,3.84,0.02,8.12,20.36
2023-05-21,77.44,16.55,22.16,3.61,0.03,11.37,22.13
2023-05-22,78.0,16.17,19.67,2.95,0.03,10.32,22.36
2023-05-23,71.94,14.22,10.69,4.0,0.05,8.47,20.0
2023-05-24,66.5,13.45,27.85,3.68,0.0,6.15,19.37
2023-05-25,68.94,15.05,28.69,3.91,0.02,8.85,21.22
2023-05-26,71.06,15.68,28.55,3.55,0.03,8.84,22.3
2023-05-27,71.31,16.81,27.01,2.88,0.0,8.87,23.85
2023-05-28,68.25,18.31,27.5,3.45,0.04,11.03,25.04
2023-05-29,69.75,17.22,28.8,4.93,0.01,10.82,23.61
2023-05-30,62.44,16.06,26.84,4.66,0.0,9.3,22.19
2023-05-31,67.12,18.3,29.06,4.01,0.02,10.72,25.13
2023-06-01,70.69,18.64,29.16,3.85,0.05,11.73,25.81
2023-06-02,68.0,14.62,26.92,3.94,0.02,8.53,20.74
2023-06-03,66.88,17.15,28.73,3.51,0.03,9.46,23.6
2023-06-04,59.0,18.03,28.79,3.79,0.0,10.35,24.61
2023-06-05,64.81,18.23,28.09,3.64,0.03,10.59,25.19
2023-06-06,66.44,18.65,27.01,3.31,0.02,10.5,26.15
2023-06-07,67.88,19.85,25.97,3.21,0.05,12.28,26.83
2023-06-08,69.31,20.68,27.62,2.72,0.06,13.33,26.61
2023-06-09,62.88,22.41,24.51,2.94,0.19,14.67,29.13
2023-06-10,66.88,23.19,21.43,1.46,1.28,16.97,28.26
2023-06-11,70.38,22.53,18.2,1.18,4.79,17.76,27.55
2023-06-12,70.25,21.9,22.71,1.92,1.86,15.9,28.44
2023-06-13,58.31,22.01,28.94,2.32,0.03,15.88,28.22
2023-06-14,54.06,21.09,29.61,1.92,0.0,12.69,28.08
2023-06-15,57.62,21.05,26.91,1.72,0.0,13.31,27.48
2023-06-16,53.19,22.18,25.21,1.27,0.0,14.0,28.46
2023-06-17,59.38,22.99,18.86,1.74,0.82,17.3,28.23
2023-06-18,79.31,21.69,17.67,2.82,13.72,16.19,25.83
2023-06-19,79.19,20.0,15.38,1.49,7.32,14.58,25.31
2023-06-20,83.44,20.98,16.01,2.29,1.48,16.69,25.99
2023-06-21,71.38,22.1,21.82,1.25,0.38,16.5,27.65
2023-06-22,84.12,18.86,10.15,2.98,10.32,14.65,22.33
2023-06-23,68.88,20.93,26.77,1.38,0.11,12.69,26.94
2023-06-24,65.94,22.01,29.29,1.04,0.0,14.27,28.3
2023-06-25,61.81,24.02,30.2,2.55,0.0,15.69,30.9
2023-06-26,63.25,19.3,24.62,2.89,0.0,15.06,24.06
2023-06-27,65.0,19.2,23.59,1.56,0.0,12.58,24.87
2023-06-28,63.25,20.92,22.75,0.77,0.0,14.22,26.82
2023-06-29,72.12,20.69,12.1,1.87,1.17,16.01,26.11
2023-06-30,61.0,19.06,22.14,2.71,0.15,12.86,24.26
2023-07-01,70.94,19.23,17.13,4.1,3.22,14.55,23.97
2023-07-02,61.94,18.88,22.19,3.45,0.02,12.42,24.46
2023-07-03,63.62,18.84,21.02,3.02,0.49,13.26,24.65
2023-07-04,71.38,18.68,19.36,2.88,5.0,13.82,22.69
2023-07-05,69.88,16.72,20.69,4.01,3.79,11.65,21.6
2023-07-06,57.38,19.44,27.36,0.98,0.0,12.12,25.77
2023-07-07,55.31,23.14,23.15,2.23,0.04,13.84,30.51
2023-07-08,64.06,25.26,26.61,1.94,0.39,18.15,31.28
2023-07-09,82.75,21.57,16.11,1.75,6.51,18.1,24.74
2023-07-10,62.81,22.33,25.47,1.68,0.06,16.94,27.17
2023-07-11,56.69,23.54,24.89,2.61,0.08,15.99,30.25
2023-07-12,62.56,20.05,23.5,3.05,0.46,14.83,25.12
2023-07-13,63.81,19.36,19.2,2.2,0.34,13.08,24.48
2023-07-14,53.62,22.29,25.47,3.25,0.01,14.2,29.57
2023-07-15,60.94,21.42,13.46,4.72,1.06,16.18,26.04
2023-07-16,58.56,19.65,23.08,4.09,0.15,14.33,24.9
2023-07-17,60.56,19.1,24.39,2.56,0.26,12.48,25.07
2023-07-18,56.31,21.69,24.08,1.23,0.0,12.82,28.77
2023-07-19,61.0,20.33,21.69,3.0,0.0,14.87,25.73
2023-07-20,65.25,19.54,22.38,1.48,0.32,12.37,25.73
2023-07-21,60.19,18.9,19.84,2.45,0.82,13.63,25.04
2023-07-22,54.19,19.52,22.89,3.03,0.0,12.6,25.29
2023-07-23,71.88,19.13,13.01,4.26,3.85,15.52,23.62
2023-07-24,74.12,19.53,16.59,3.21,10.9,15.45,24.01
2023-07-25,72.94,16.51,13.39,2.8,8.79,11.91,20.6
2023-07-26,67.88,17.9,21.23,2.49,0.43,10.55,23.2
2023-07-27,78.25,19.97,13.01,4.1,5.59,15.87,24.26
2023-07-28,84.56,20.6,10.64,3.13,13.19,17.31,25.8
2023-07-29,78.31,20.01,15.93,3.18,6.46,14.92,25.49
2023-07-30,68.31,19.3,19.52,3.35,0.5,14.68,24.7
2023-07-31,77.94,19.04,12.28,5.3,12.81,15.11,22.87
2023-08-01,77.69,18.94,17.72,4.34,6.37,14.98,22.26
2023-08-02,76.5,19.57,17.03,7.36,15.4,15.98,23.71
2023-08-03,85.81,16.9,10.92,3.68,8.41,13.69,20.28
2023-08-04,78.75,17.13,17.08,1.83,1.39,12.37,21.66
2023-08-05,79.5,15.9,11.37,4.62,2.23,10.81,20.3
2023-08-06,69.5,16.12,17.89,4.82,0.61,12.3,21.02
2023-08-07,71.69,16.85,20.18,2.31,0.07,10.4,22.52
2023-08-08,71.69,17.8,18.42,2.22,0.01,11.42,23.75
2023-08-09,77.5,19.44,14.98,1.85,0.25,14.07,24.27
2023-08-10,69.44,21.14,19.13,1.51,0.01,13.68,27.12
2023-08-11,76.75,22.25,19.06,1.91,7.68,16.58,27.33
2023-08-12,76.19,21.19,16.26,2.48,5.79,15.94,26.06
2023-08-13,67.19,19.25,19.14,2.05,0.03,14.57,24.8
2023-08-14,68.06,21.26,15.92,2.52,0.64,15.05,28.42
2023-08-15,73.81,20.93,16.48,1.95,0.42,16.12,26.14
2023-08-16,72.19,20.74,15.46,2.16,0.02,14.61,26.93
2023-08-17,75.75,22.06,21.31,2.3,0.26,17.9,28.19
2023-08-18,70.94,24.07,15.54,2.26,0.81,16.91,31.69
2023-08-19,70.88,23.52,12.73,2.27,0.35,20.05,27.92
2023-08-20,67.12,23.71,22.12,1.62,0.03,18.09,30.05
2023-08-21,65.88,21.86,23.57,1.65,0.01,15.19,28.75
2023-08-22,63.38,23.62,21.54,1.47,0.0,16.09,30.71
2023-08-23,64.56,24.41,18.81,1.55,0.01,16.31,31.83
2023-08-24,75.44,22.15,8.56,2.36,8.33,19.7,25.54
2023-08-25,75.06,20.3,8.91,2.48,0.62,14.08,24.73
2023-08-26,68.5,17.5,17.57,2.63,0.74,12.15,22.83
2023-08-27,72.75,16.41,17.9,2.58,0.46,11.18,22.21
2023-08-28,73.5,16.39,13.86,2.11,0.57,10.94,22.08
2023-08-29,70.88,16.6,15.11,1.31,0.1,10.17,21.81
2023-08-30,70.94,15.96,12.55,2.78,0.49,11.52,21.09
2023-08-31,81.0,15.9,9.48,2.56,5.25,11.05,20.33
2023-09-01,81.88,19.16,12.16,3.07,2.96,15.65,24.01
2023-09-02,71.19,21.34,19.89,1.8,0.09,15.3,28.84
2023-09-03,69.62,22.8,19.27,2.73,0.02,16.21,30.4
2023-09-04,61.69,22.06,20.19,3.09,0.01,14.9,30.07
2023-09-05,57.25,24.62,19.18,2.03,0.0,15.44,32.96
2023-09-06,57.56,24.09,20.59,1.67,0.0,17.6,32.57
2023-09-07,57.06,23.51,20.47,1.44,0.01,14.16,32.19
2023-09-08,50.19,26.4,19.65,1.35,0.0,18.98,34.05
2023-09-09,54.19,25.95,19.67,1.9,0.0,19.15,33.6
2023-09-10,50.12,26.43,19.11,2.11,0.0,18.86,33.96
2023-09-11,69.19,23.63,13.8,2.05,0.7,18.64,29.78
2023-09-12,89.69,19.28,5.8,1.2,11.87,16.64,23.12
2023-09-13,78.62,19.22,10.32,1.51,0.43,14.83,24.25
2023-09-14,74.62,18.69,15.41,0.98,0.05,13.6,24.1
2023-09-15,65.06,20.12,18.44,2.09,0.0,13.2,27.39
2023-09-16,72.31,20.52,12.13,1.7,0.05,14.12,27.0
2023-09-17,80.44,20.55,12.33,1.76,2.55,15.8,26.2
2023-09-18,76.62,19.06,14.87,4.1,6.49,14.18,23.37
2023-09-19,72.94,17.33,13.77,4.03,0.03,12.01,23.11
2023-09-20,69.31,19.76,15.35,4.63,0.07,15.21,25.23
2023-09-21,84.31,16.33,4.66,3.7,22.77,12.2,18.58
2023-09-22,83.06,13.12,11.66,3.23,5.39,10.48,16.74
2023-09-23,75.94,13.44,13.94,2.03,0.19,8.58,18.8
2023-09-24,67.06,14.12,17.35,2.5,0.0,7.37,21.31
2023-09-25,69.88,16.14,15.67,1.7,0.01,9.13,23.55
2023-09-26,70.62,16.47,13.93,1.88,0.0,12.17,22.71
2023-09-27,72.75,18.07,13.38,2.43,0.05,12.35,25.7
2023-09-28,81.94,17.8,12.87,2.24,0.05,12.42,22.5
2023-09-29,78.25,17.58,9.58,3.43,0.24,11.76,22.69
2023-09-30,79.19,15.23,12.95,1.22,0.05,9.67,21.87
2023-10-01,71.62,18.1,15.25,2.07,0.01,11.25,26.01
2023-10-02,67.12,19.42,14.65,2.36,0.03,11.75,27.79
2023-10-03,76.56,16.75,8.92,3.71,2.61,10.26,20.15
2023-10-04,77.94,13.51,12.06,1.69,0.09,9.49,19.46
2023-10-05,72.88,13.65,11.11,1.14,0.03,8.25,20.18
2023-10-06,66.5,13.94,14.32,1.53,0.03,7.33,21.68
2023-10-07,70.5,15.9,13.59,1.76,0.01,9.1,24.11
2023-10-08,66.56,17.96,13.48,1.41,0.03,12.55,25.89
2023-10-09,67.06,18.01,12.94,1.06,0.06,12.82,25.26
2023-10-10,65.06,18.14,12.58,1.74,0.0,11.98,26.65
2023-10-11,69.44,17.69,12.54,2.76,0.0,11.07,25.08
2023-10-12,85.31,18.08,7.18,2.91,2.01,14.17,23.1
2023-10-13,74.94,18.87,8.88,5.7,0.74,13.76,24.49
2023-10-14,73.31,12.59,7.63,2.97,0.58,7.26,16.8
2023-10-15,70.31,9.23,11.78,2.31,0.04,5.35,14.46
2023-10-16,69.06,7.96,10.51,3.72,0.0,4.58,12.98
2023-10-17,75.75,10.24,10.25,3.37,0.03,4.24,17.74
2023-10-18,89.31,14.62,4.2,5.02,5.2,10.04,18.66
2023-10-19,85.5,16.62,9.57,3.76,6.13,12.77,22.08
2023-10-20,88.62,14.8,7.25,2.48,7.92,12.52,18.96
2023-10-21,83.38,12.73,7.35,6.88,6.57,10.11,16.19
2023-10-22,83.19,12.02,8.27,3.34,0.98,8.02,16.68
2023-10-23,93.69,9.77,2.52,2.91,7.32,7.4,12.04
2023-10-24,82.5,11.94,9.15,3.05,2.95,9.29,16.42
2023-10-25,88.5,12.52,4.41,3.99,8.94,9.26,15.81
2023-10-26,94.44,11.83,5.12,2.82,16.18,9.18,13.78
2023-10-27,91.62,11.34,6.4,3.88,3.81,8.88,15.53
2023-10-28,90.0,12.48,4.44,6.12,9.93,9.7,14.83
2023-10-29,83.94,12.77,5.13,5.5,1.57,9.61,16.55
2023-10-30,96.62,10.33,2.22,2.77,7.74,7.31,13.53
2023-10-31,88.5,11.44,5.16,3.66,1.2,7.23,15.4
2023-11-01,89.44,11.08,3.96,5.24,3.81,9.5,13.88
2023-11-02,75.31,10.84,7.44,9.21,3.05,6.63,12.95
2023-11-03,89.38,7.51,5.17,4.3,0.24,4.94,11.33
2023-11-04,87.12,10.54,4.63,6.75,10.32,7.58,14.65
2023-11-05,84.06,11.19,4.96,6.23,3.34,8.09,14.37
2023-11-06,87.5,9.87,6.72,4.29,1.79,7.32,13.54
2023-11-07,87.81,8.51,7.55,4.23,0.71,6.42,12.41
2023-11-08,87.94,8.72,5.67,5.31,9.85,6.37,11.67
2023-11-09,88.88,9.08,5.17,4.96,3.1,6.64,11.95
2023-11-10,90.62,8.06,4.81,5.55,2.94,6.19,10.72
2023-11-11,89.94,7.46,5.72,2.56,0.63,5.58,12.11
2023-11-12,95.31,9.05,2.9,3.36,8.37,5.55,12.94
2023-11-13,93.06,13.39,1.9,5.54,6.58,10.06,17.26
2023-11-14,91.31,11.06,1.78,5.04,2.67,8.57,14.4
2023-11-15,89.0,10.09,5.4,3.55,0.52,7.82,13.72
2023-11-16,95.81,8.19,2.11,3.54,14.25,6.31,11.07
2023-11-17,90.56,7.87,5.44,2.6,1.41,5.0,12.39
2023-11-18,94.38,9.43,1.39,4.62,16.13,6.7,13.0
2023-11-19,87.31,12.12,6.26,4.77,0.31,9.33,15.31
2023-11-20,90.62,9.66,4.35,4.48,1.78,8.12,12.19
2023-11-21,95.06,9.3,3.36,2.63,1.33,6.77,12.07
2023-11-22,82.94,6.12,6.21,2.49,0.05,3.46,9.24
2023-11-23,95.88,8.9,3.48,2.55,0.33,4.35,12.42
2023-11-24,82.62,6.93,3.12,3.82,0.18,2.08,10.25
2023-11-25,87.81,2.96,5.83,2.83,0.03,-0.82,8.12
2023-11-26,92.31,1.92,4.41,2.05,0.04,-1.13,5.5
2023-11-27,94.31,4.65,1.11,4.38,10.53,2.24,7.83
2023-11-28,86.38,3.17,3.54,2.38,0.32,0.27,5.83
2023-11-29,97.19,2.72,4.18,1.91,0.51,0.94,6.65
2023-11-30,90.88,1.84,4.96,1.94,0.7,-0.45,4.95
2023-12-01,91.88,0.15,2.44,2.68,0.07,-2.18,4.12
2023-12-02,92.5,-1.49,4.74,1.8,0.03,-4.67,3.1
2023-12-03,82.44,-0.83,2.63,4.08,0.26,-3.52,2.46
2023-12-04,90.88,3.59,2.42,5.44,12.33,-0.35,7.01
2023-12-05,95.06,5.76,1.79,4.48,5.96,4.34,7.3
2023-12-06,93.0,3.6,3.77,1.31,0.08,1.36,7.87
2023-12-07,90.88,3.05,2.1,4.08,6.9,1.53,4.87
2023-12-08,97.88,6.32,2.56,2.7,0.91,3.92,8.76
2023-12-09,94.06,8.69,1.31,6.35,16.83,5.61,14.08
2023-12-10,93.88,9.68,2.57,5.8,2.59,7.18,12.2
2023-12-11,93.62,10.19,3.33,3.77,0.55,8.12,12.6
2023-12-12,93.5,9.94,2.45,3.88,1.74,7.54,13.13
2023-12-13,94.81,7.58,2.56,3.49,1.93,6.49,9.96
2023-12-14,92.25,6.59,2.02,2.91,0.87,4.83,7.97
2023-12-15,92.94,6.96,2.5,1.2,0.69,5.23,10.39
2023-12-16,96.31,3.79,4.1,1.13,0.03,0.69,7.98
2023-12-17,94.88,0.87,4.34,1.81,0.04,-2.03,6.25
2023-12-18,93.06,0.26,1.7,2.61,0.18,-1.24,3.96
2023-12-19,93.88,3.98,1.61,4.5,3.9,0.04,7.64
2023-12-20,94.81,6.38,3.64,3.89,0.93,2.93,9.73
2023-12-21,92.19,9.9,1.49,6.23,1.25,8.53,11.62
2023-12-22,89.69,9.19,2.28,5.78,0.77,6.52,11.77
2023-12-23,92.88,8.78,1.93,5.24,0.35,6.34,11.62
2023-12-24,90.31,10.16,2.07,6.41,0.54,8.58,11.73
2023-12-25,92.94,10.19,1.86,5.32,0.4,7.83,11.74
2023-12-26,92.19,9.48,1.9,3.3,0.82,8.33,11.23
2023-12-27,86.38,7.3,3.71,4.89,0.5,5.86,9.3
2023-12-28,91.94,8.87,2.27,5.3,0.18,7.32,11.33
2023-12-29,93.88,8.98,2.23,5.37,1.09,7.23,10.86
2023-12-30,93.69,8.26,2.94,4.69,0.43,6.75,10.86
2023-12-31,84.44,8.44,4.45,7.25,1.85,5.64,10.56
2024-01-01,89.44,6.86,3.91,5.48,4.36,4.35,9.75
2024-01-02,90.38,10.96,1.04,9.0,14.13,8.93,12.37
2024-01-03,86.06,10.15,2.75,7.84,6.52,8.7,11.91
2024-01-04,92.69,8.09,3.09,5.5,0.63,5.4,9.7
2024-01-05,87.5,6.45,5.27,3.92,0.18,2.88,9.22
2024-01-06,91.94,3.98,2.51,3.14,0.27,1.98,7.08
2024-01-07,88.31,1.37,1.5,4.03,0.16,-3.02,3.62
2024-01-08,87.25,-2.88,2.18,3.91,0.44,-5.01,-0.45
2024-01-09,82.62,-2.45,2.83,3.3,0.67,-3.28,-1.56
2024-01-10,91.0,-1.61,3.68,2.19,0.07,-2.87,0.97
2024-01-11,87.62,-2.26,6.07,3.3,0.0,-4.07,1.89
2024-01-12,92.75,-1.05,3.16,2.12,0.06,-3.58,2.76
2024-01-13,90.19,-1.92,2.09,1.06,0.1,-3.4,-0.07
2024-01-14,88.69,-2.99,2.32,1.34,0.08,-4.69,-0.45
2024-01-15,87.38,-0.72,5.46,2.06,0.3,-2.78,3.76
2024-01-16,86.5,-2.67,6.23,1.41,0.11,-6.28,2.62
2024-01-17,96.56,0.62,2.23,2.77,20.56,-2.78,5.44
2024-01-18,93.88,-2.7,5.44,3.27,4.32,-6.62,1.48
2024-01-19,94.25,-3.31,4.26,1.01,0.05,-6.27,2.11
2024-01-20,90.75,-4.02,7.11,2.26,0.05,-6.99,1.17
2024-01-21,92.75,0.98,3.24,5.7,0.21,-3.64,4.13
2024-01-22,95.0,6.36,3.28,6.48,2.73,4.08,9.75
2024-01-23,95.88,7.19,2.78,5.16,0.78,2.96,11.76
2024-01-24,91.06,11.05,4.9,4.73,0.67,8.03,13.41
2024-01-25,96.75,9.54,3.55,2.35,1.98,7.57,12.08
2024-01-26,85.69,7.07,4.8,3.52,1.52,1.3,11.8
2024-01-27,88.75,1.55,6.46,1.93,0.03,-1.41,7.44
2024-01-28,91.19,2.77,5.98,3.0,0.04,-1.87,7.92
2024-01-29,95.81,7.69,6.46,3.24,0.13,4.47,11.79
2024-01-30,91.69,8.05,3.21,2.5,0.11,4.55,11.55
2024-01-31,89.38,6.3,4.0,2.22,0.01,2.97,11.01
