T2M,RH2M,WS2M,ALLSKY_SFC_SW_DWN,T2M_MAX,PRECTOTCORR,T2M_MIN
-0.02,91.94,1.06,2.72,4.05,0.31,-2.06
0.03,95.0,0.77,3.87,4.28,0.16,-3.32
0.45,95.06,1.74,2.38,3.69,0.35,-0.93
0.05,95.56,2.59,1.58,2.95,0.43,-1.13
-0.04,94.69,2.45,0.78,3.36,0.16,-1.77
-0.17,95.69,1.88,1.47,3.66,0.15,-2.19
0.32,95.12,1.45,2.14,3.96,0.57,-1.95
-0.42,91.12,1.21,3.64,4.15,0.03,-3.32
-0.74,94.62,2.7,5.52,3.25,0.08,-3.17
-0.6,93.94,1.92,5.87,3.69,0.07,-2.02
1.0,97.12,2.95,3.85,3.9,0.33,-1.97
4.32,97.38,4.48,2.0,9.15,7.46,-0.39
4.87,96.0,3.27,2.24,8.62,3.79,0.12
7.68,94.0,5.23,1.85,9.56,6.53,1.76
-1.05,88.94,3.16,4.94,3.24,0.11,-4.35
-0.6,92.5,3.03,1.46,2.34,7.67,-3.4
2.57,95.56,2.7,4.54,5.56,1.13,0.34
2.44,93.06,2.77,4.57,6.27,0.08,0.15
3.35,92.12,5.32,4.4,5.16,3.11,2.08
6.64,83.94,6.3,4.81,9.53,0.83,3.29
7.37,90.5,6.94,2.84,9.9,10.03,3.22
4.9,88.12,2.18,4.31,7.85,4.52,3.25
1.56,96.12,3.35,3.09,2.76,4.97,-2.02
-0.28,96.25,3.57,2.84,2.01,1.85,-3.38
0.72,89.38,3.27,4.17,4.97,0.12,-2.28
-0.24,91.94,2.92,4.5,2.51,0.47,-2.47
3.98,96.0,3.33,1.59,7.06,6.51,0.69
10.26,92.94,5.26,3.87,13.62,8.54,5.62
8.95,87.75,6.59,4.19,10.81,3.11,5.9
7.9,94.06,2.55,4.03,11.94,13.13,5.78
6.68,96.31,1.91,3.18,8.94,7.47,4.62
6.88,93.88,2.56,3.37,9.73,1.44,4.01
10.3,90.56,5.06,5.32,14.27,3.6,4.73
9.26,89.38,5.74,4.88,13.08,8.78,4.9
6.87,94.25,2.28,5.24,10.2,1.61,4.3
7.76,91.12,1.83,4.77,11.62,0.83,5.74
6.03,94.62,2.77,1.93,8.31,12.65,4.05
0.5,86.5,2.83,2.85,3.62,1.35,-3.6
-2.91,86.06,2.0,2.05,0.64,0.07,-4.96
-2.93,79.0,3.01,2.97,-0.58,0.36,-4.83
-3.34,74.06,4.72,6.93,-0.7,0.26,-5.08
-3.62,79.62,4.28,8.88,0.13,0.0,-5.68
-4.38,77.44,4.85,5.89,-0.29,0.0,-6.77
-4.85,75.0,4.03,9.93,0.16,0.0,-8.99
-2.59,78.5,4.25,9.29,1.85,0.01,-7.31
2.9,93.38,4.14,4.89,5.76,2.18,0.13
4.3,95.5,4.3,7.88,8.38,0.86,0.56
6.8,91.25,3.97,7.01,12.17,0.14,3.61
6.57,91.75,4.5,4.55,12.82,6.36,2.45
6.84,96.31,3.37,8.09,10.3,0.64,3.18
10.8,82.38,4.98,9.77,18.2,0.0,5.29
10.24,82.75,3.47,11.33,16.51,0.0,5.12
10.08,90.81,2.84,5.24,13.24,1.19,6.33
11.98,88.44,3.91,9.24,16.87,0.04,8.35
11.62,86.19,3.3,11.43,18.08,0.07,7.74
10.62,87.31,2.59,10.26,16.11,0.33,6.94
7.34,79.81,3.27,7.49,12.02,1.15,1.33
4.34,82.81,3.7,13.5,10.5,0.01,0.36
4.55,82.0,4.04,13.81,10.63,0.05,1.01
4.69,84.56,2.44,13.46,12.26,0.0,-0.03
7.82,82.75,1.7,12.19,16.07,0.04,1.32
10.05,84.88,1.52,10.46,16.49,0.61,4.11
7.21,91.19,2.75,7.61,11.26,1.21,3.08
3.3,74.56,4.01,6.58,7.58,0.05,-1.51
1.38,73.0,3.44,15.24,8.46,0.0,-3.7
1.19,76.75,2.14,14.58,9.17,0.0,-4.85
1.4,79.19,2.28,14.84,7.73,0.01,-3.33
4.29,79.75,1.7,12.1,11.01,0.03,-1.79
4.86,80.12,4.38,10.74,9.22,0.71,-0.64
9.75,78.31,7.72,10.38,13.76,3.06,5.24
6.94,85.44,5.81,11.82,10.83,3.65,3.3
7.69,78.56,7.67,9.62,10.78,6.05,3.54
6.58,79.81,5.33,10.12,10.56,2.31,2.74
7.62,83.56,4.48,9.13,11.38,2.85,2.65
6.55,92.75,3.31,6.8,9.65,3.88,1.95
5.98,85.38,5.34,7.32,8.39,1.19,2.94
4.9,88.06,3.05,7.69,7.76,1.64,2.65
4.46,74.88,4.88,12.04,8.87,0.18,0.34
3.9,78.56,3.08,15.26,9.86,0.02,-0.23
5.93,82.5,3.06,7.67,12.13,0.21,0.22
5.22,77.19,2.16,8.58,10.48,0.01,0.36
6.55,75.81,1.07,18.37,13.45,0.0,0.36
8.43,76.62,2.06,18.86,17.04,0.0,0.77
8.68,80.56,1.63,9.91,14.19,0.95,4.02
8.14,82.0,4.04,12.14,13.64,2.04,1.91
6.83,79.5,3.83,14.8,12.23,0.45,2.31
8.87,76.56,2.88,18.58,15.86,0.0,2.12
11.5,70.19,1.91,19.98,20.53,0.0,2.82
13.82,69.56,1.68,19.43,22.32,0.0,5.11
16.9,56.38,1.35,18.75,23.69,0.0,9.66
15.8,65.56,2.6,17.65,22.79,0.0,8.4
7.9,69.06,4.99,19.79,13.76,0.0,3.15
6.61,71.25,4.54,15.29,12.0,0.01,2.69
6.15,76.81,2.52,21.01,12.94,0.01,1.08
3.84,78.25,3.63,7.63,9.34,0.61,-2.44
1.86,67.19,3.05,15.81,5.95,0.18,-3.35
3.32,68.88,2.91,21.72,9.9,0.01,-3.6
6.08,67.38,1.07,18.4,12.34,0.0,0.03
9.41,75.56,2.16,15.88,16.45,5.14,2.73
8.66,94.12,1.68,9.44,12.33,16.79,5.81
4.97,78.31,4.01,7.03,9.16,3.66,0.19
4.69,77.38,1.95,18.44,10.24,0.47,-1.22
4.52,68.0,2.42,22.48,10.73,0.01,-1.45
4.51,66.94,2.56,17.56,10.69,0.0,-2.42
4.35,72.38,3.21,16.85,9.23,0.02,-0.34
5.05,71.62,3.37,12.35,10.74,0.01,-1.23
6.96,71.69,3.68,18.63,13.92,0.01,0.98
7.22,74.94,2.33,15.27,13.73,0.0,0.89
8.93,75.44,1.48,21.43,16.13,0.0,1.77
10.79,72.81,1.13,18.98,16.88,0.05,4.9
11.15,73.12,2.7,17.63,16.97,0.35,5.05
9.31,67.5,3.71,23.8,16.49,0.0,3.19
9.83,67.94,3.28,25.19,17.55,0.0,1.92
10.71,67.69,3.52,25.79,18.55,0.0,2.79
9.58,64.25,4.86,25.49,16.26,0.0,3.4
9.56,65.25,4.16,24.61,17.17,0.0,2.29
10.26,64.56,1.74,25.58,17.99,0.0,1.47
11.49,67.44,2.02,15.2,18.24,1.66,5.57
8.64,76.38,2.14,15.74,13.7,0.67,3.83
8.75,69.75,1.45,17.34,13.63,0.09,3.63
7.74,74.81,2.06,12.13,12.13,1.59,3.55
7.23,72.56,1.55,17.26,11.09,0.29,1.53
10.39,61.44,3.36,21.24,16.62,0.0,1.9
10.79,66.44,6.01,8.85,16.16,2.03,5.39
7.95,69.06,3.8,19.02,12.51,0.65,3.75
6.77,86.94,1.97,8.78,10.35,7.59,2.36
9.35,68.12,1.87,24.19,15.52,0.01,1.51
13.7,77.25,3.47,16.49,20.81,0.44,6.39
18.53,80.69,4.77,17.67,25.44,6.55,13.71
14.37,75.88,4.02,17.77,18.69,2.53,9.33
12.24,75.5,2.09,13.4,16.98,0.96,8.06
11.53,75.5,2.44,17.7,16.26,0.2,5.65
11.5,78.5,2.92,16.95,15.83,4.69,7.19
10.58,83.88,2.4,14.23,15.13,3.42,6.8
11.73,81.31,4.12,14.55,16.44,5.73,7.82
12.12,81.06,4.12,16.7,16.74,6.11,8.06
11.72,81.62,4.66,17.83,15.86,3.18,8.32
11.44,78.25,2.8,16.63,15.59,1.61,7.85
10.64,81.25,3.23,16.47,14.56,7.73,6.32
12.0,73.25,3.57,18.84,17.4,0.09,5.48
12.89,68.19,5.72,20.14,17.01,0.97,8.93
11.56,75.06,5.12,18.72,15.97,2.08,8.01
12.05,72.19,4.04,20.88,16.86,0.2,6.19
11.17,78.62,5.2,14.39,15.68,9.36,8.22
11.12,79.12,4.82,20.05,15.31,6.54,7.15
11.78,77.56,3.7,13.45,15.58,5.46,7.26
13.04,75.5,1.32,24.69,19.45,0.02,4.59
14.53,74.25,2.2,28.0,20.66,0.03,8.5
15.45,71.5,2.45,25.93,21.44,0.0,9.37
15.88,69.44,2.88,28.29,21.86,0.0,9.24
16.13,67.69,2.89,26.85,22.33,0.0,9.0
18.16,70.88,2.84,29.87,25.58,0.05,8.95
19.56,84.12,2.2,20.89,24.07,4.37,13.62
20.02,79.06,0.84,21.37,25.32,2.73,14.34
17.77,90.5,1.74,16.95,20.81,11.3,14.43
15.73,82.81,2.91,12.75,19.83,0.98,12.26
16.52,75.44,2.02,22.14,21.78,0.04,10.98
17.36,75.69,1.87,24.8,23.05,0.04,9.98
18.59,73.88,1.62,25.75,24.33,0.02,10.76
19.99,72.06,1.12,26.1,25.37,0.04,11.98
19.99,73.62,1.38,24.69,25.67,0.16,13.2
19.91,76.69,1.84,28.61,25.8,0.02,12.88
18.75,76.81,2.36,22.86,24.25,0.03,13.32
18.45,67.31,2.36,30.04,24.57,0.03,11.55
21.01,62.62,1.11,31.03,28.58,0.01,11.91
21.76,69.94,1.35,27.9,27.83,0.0,13.93
24.41,68.75,1.63,28.47,30.37,0.3,16.17
22.8,81.5,2.09,19.32,26.8,14.56,19.55
21.62,80.81,3.82,23.43,25.94,5.74,16.81
20.44,85.38,1.36,18.43,25.37,24.25,14.26
20.15,79.88,1.99,19.38,24.4,1.8,16.35
19.39,77.0,1.95,21.33,23.61,6.7,15.93
15.05,85.19,3.58,14.02,18.19,9.01,11.55
13.95,82.75,3.36,11.1,16.8,0.28,11.58
14.9,76.44,2.39,12.97,19.73,0.11,9.94
16.66,78.25,1.7,17.42,21.76,3.41,9.2
17.98,83.75,1.52,15.81,21.53,9.0,14.59
18.35,86.31,1.48,11.8,21.38,5.62,15.04
19.0,79.75,1.67,18.5,23.8,9.15,14.19
15.44,81.75,1.73,13.97,19.85,4.46,10.94
15.22,84.88,2.45,9.7,17.83,7.49,12.94
16.83,78.62,1.77,19.75,21.07,0.09,10.73
19.98,75.0,1.36,21.69,24.69,0.17,13.04
19.8,81.5,1.92,14.02,24.03,0.97,16.04
18.13,84.0,2.59,18.01,21.86,9.59,15.21
18.71,82.25,2.65,15.72,23.37,2.33,14.16
18.0,73.94,4.58,20.44,21.76,5.84,14.01
17.12,76.12,2.39,19.44,21.71,0.73,11.98
17.39,76.5,1.75,21.88,22.21,0.62,11.17
18.08,76.19,1.12,14.21,22.33,0.36,11.55
17.17,82.44,1.53,12.11,19.8,3.8,13.98
18.28,78.38,0.93,18.79,22.95,0.91,12.8
18.4,83.88,1.7,12.63,22.4,9.48,15.06
17.11,89.62,3.38,5.35,20.94,27.09,14.44
16.53,86.38,4.18,9.11,19.27,4.3,13.08
18.41,78.94,4.32,14.58,23.55,0.24,14.4
17.48,77.44,3.41,9.68,22.05,0.06,13.33
18.77,79.69,3.0,13.38,24.6,0.03,12.09
21.0,76.75,3.55,28.8,27.17,0.05,14.07
21.64,75.56,2.69,27.54,27.88,0.01,14.56
21.44,74.31,2.01,27.29,27.13,0.0,15.45
21.14,70.81,1.91,26.39,27.44,0.01,14.3
21.1,70.06,2.27,27.17,27.02,0.0,14.26
21.53,74.62,3.36,21.9,27.33,0.95,14.12
20.64,77.25,2.58,18.65,25.17,3.42,17.25
19.0,82.38,2.62,16.1,22.98,8.16,15.78
18.8,83.94,2.34,14.67,22.58,4.29,15.08
17.84,85.69,2.84,10.15,20.16,5.89,16.0
18.25,74.38,3.57,16.91,22.7,0.53,14.15
17.77,72.06,2.66,21.83,22.98,0.06,12.22
17.83,71.5,3.83,19.4,23.35,0.17,13.48
17.4,76.19,2.62,17.11,22.58,0.61,12.21
17.25,75.62,2.01,19.06,22.48,0.68,11.18
17.76,79.56,1.36,16.93,22.06,4.43,12.01
17.04,76.75,1.69,12.9,21.07,6.32,13.83
17.13,76.06,1.05,14.78,21.41,0.89,12.19
18.58,76.5,2.73,16.78,23.3,1.06,14.96
18.09,76.81,4.09,13.39,22.55,1.51,13.96
17.07,78.06,4.39,17.25,22.06,5.06,12.5
16.72,72.88,3.76,19.14,21.04,0.45,11.85
16.98,78.75,2.97,15.99,21.8,2.04,12.58
19.15,79.94,2.13,17.69,24.83,1.0,14.18
19.4,75.75,0.92,22.75,24.18,0.04,14.01
21.63,75.12,1.36,21.3,28.93,0.0,14.6
20.58,73.56,1.87,22.52,27.05,0.0,14.69
20.83,67.56,1.16,24.41,28.19,0.0,13.04
21.53,68.75,2.05,21.38,28.82,0.04,15.01
17.57,73.69,3.35,12.97,21.8,0.52,13.51
16.19,78.94,2.8,11.49,20.27,0.36,11.0
17.87,81.12,2.34,8.6,22.9,0.68,14.13
17.51,80.81,2.0,10.65,21.51,0.34,13.69
18.87,74.62,1.34,17.14,24.23,0.1,13.44
19.56,77.69,2.43,15.26,26.4,0.33,13.83
18.33,77.25,3.41,15.22,22.89,0.37,14.8
18.04,81.75,3.45,10.0,22.54,0.86,13.23
17.83,72.06,3.9,20.45,23.58,0.12,13.07
17.4,71.12,3.31,22.13,24.06,0.04,10.97
16.55,75.88,3.34,12.86,21.77,0.18,10.89
16.57,73.44,3.08,16.68,21.62,0.07,11.6
16.53,79.88,3.26,14.95,21.98,0.49,10.69
16.19,78.19,3.22,11.71,21.2,0.3,11.2
17.94,78.94,3.53,11.79,22.98,0.24,13.79
17.36,77.0,3.21,15.25,22.86,0.11,12.13
16.81,76.75,3.54,19.93,23.17,0.07,11.49
16.94,73.06,3.27,21.67,24.51,0.05,10.2
19.08,73.81,1.62,19.4,27.14,0.19,10.33
21.07,77.44,0.95,13.91,26.32,3.28,16.92
21.39,72.56,1.12,17.32,27.62,1.04,15.69
21.38,64.75,1.66,19.45,28.62,0.0,15.23
21.47,59.88,2.77,20.04,28.8,0.0,14.39
22.36,70.25,2.2,18.78,29.63,3.66,15.19
21.69,79.25,2.37,10.35,26.44,6.6,17.87
19.58,82.94,2.28,12.04,24.44,5.14,14.62
16.91,78.75,1.98,14.92,22.88,0.03,12.09
16.14,77.44,1.0,15.88,21.69,0.01,11.92
18.35,72.69,1.84,16.96,25.69,0.02,10.76
19.35,90.19,1.97,10.73,22.73,7.39,16.34
19.08,87.94,1.81,6.77,23.78,7.78,14.1
17.07,76.81,1.29,13.59,22.58,0.08,11.11
16.98,73.81,1.38,17.44,22.8,0.02,11.13
17.78,71.75,1.7,15.4,23.98,0.5,12.07
16.99,79.12,1.72,10.7,22.59,2.67,11.99
16.21,87.06,1.81,7.92,20.51,11.18,13.45
13.1,76.31,2.54,12.13,18.8,0.04,8.32
13.46,72.62,1.47,16.91,20.3,0.02,6.94
14.77,79.12,1.37,17.2,22.05,0.05,9.51
15.44,79.94,1.33,14.34,22.05,0.11,9.29
16.42,81.94,1.28,13.46,23.42,2.11,9.46
17.06,85.75,2.71,8.55,22.58,3.21,13.68
15.12,82.19,3.38,7.68,19.83,4.2,11.19
13.73,74.75,2.41,12.56,18.56,0.1,10.24
12.67,75.62,3.69,13.34,16.99,4.55,7.62
11.11,73.81,2.49,15.43,17.69,0.0,5.79
11.82,80.25,3.83,9.46,17.54,4.39,6.48
14.7,87.12,5.49,8.11,18.01,6.76,11.01
14.41,81.0,5.06,5.37,18.1,14.18,9.41
12.84,78.0,3.7,13.74,18.63,0.15,7.13
12.61,82.88,5.32,8.21,17.24,9.41,9.74
11.73,82.0,3.8,13.32,17.42,0.15,7.4
11.6,83.06,1.18,11.3,18.42,0.08,6.65
11.69,83.81,2.28,13.73,18.85,0.1,6.13
11.16,83.62,2.09,13.58,18.09,0.11,6.65
10.31,85.62,1.45,13.45,17.76,0.11,5.02
11.01,86.12,2.1,8.66,15.69,0.17,6.64
10.71,86.06,2.46,8.79,16.5,0.26,5.94
9.51,74.56,1.16,11.29,14.98,0.02,3.88
9.99,72.69,1.25,12.99,16.36,0.02,3.81
10.66,84.5,1.04,10.43,17.13,0.13,5.61
10.96,82.62,1.27,11.81,17.23,0.09,7.4
9.32,77.44,1.87,9.99,15.42,0.01,4.76
12.06,89.12,2.88,7.66,17.88,3.39,5.56
16.62,77.94,4.1,11.43,22.34,1.08,12.93
16.24,80.06,6.58,4.35,19.29,1.43,13.58
9.89,80.19,5.41,7.17,14.73,5.4,3.8
7.51,84.0,2.23,9.86,14.29,0.11,1.84
8.65,84.69,1.23,9.28,15.12,0.26,4.62
7.06,82.12,2.43,11.27,14.46,0.04,2.36
9.27,86.38,2.62,4.24,15.85,1.35,4.54
10.9,90.0,2.56,6.21,16.17,0.19,7.14
10.98,88.69,2.36,9.82,16.69,0.14,7.12
11.19,82.75,3.94,10.39,17.9,0.17,6.02
11.2,91.25,4.28,3.82,14.45,7.12,8.74
12.76,92.88,3.64,3.52,16.3,6.94,9.71
11.41,91.19,4.48,5.63,18.8,6.26,7.17
8.86,89.38,4.19,7.98,13.41,1.77,6.81
8.29,89.31,2.38,6.38,12.12,2.64,5.8
6.84,90.31,2.24,6.17,11.34,3.13,4.52
7.33,92.44,3.02,4.06,10.41,2.7,4.51
6.49,85.12,2.39,5.23,11.81,0.08,2.83
5.0,86.94,2.09,8.41,10.15,0.03,0.76
8.56,87.88,2.86,3.71,13.15,0.74,5.47
7.52,84.0,0.81,7.33,11.94,0.03,4.05
5.03,87.0,1.2,7.32,11.76,0.02,1.16
4.23,86.44,0.77,6.2,10.72,0.06,-0.02
4.38,91.12,0.98,5.84,10.66,0.04,1.09
6.44,92.19,2.82,6.46,12.72,0.2,0.93
10.08,93.25,2.99,3.43,13.62,1.41,8.21
8.88,92.69,2.56,3.38,13.15,0.58,5.57
6.76,92.31,2.35,1.78,8.94,0.19,5.18
5.68,92.56,0.71,2.16,7.55,0.25,3.84
8.05,95.56,1.46,3.26,12.79,0.54,4.58
6.16,92.75,1.33,4.01,11.69,0.08,3.96
7.27,92.56,1.23,4.61,11.11,0.24,4.03
5.92,92.31,1.37,3.46,8.73,0.17,3.8
5.99,95.25,2.16,2.38,8.96,2.05,4.53
3.48,89.88,4.67,4.78,7.8,0.09,-0.71
2.01,89.25,3.36,6.86,8.26,0.02,-2.4
2.13,91.31,2.31,6.03,6.07,0.12,-0.03
3.19,95.5,2.19,4.55,7.13,0.45,0.41
4.26,94.25,4.03,3.45,5.93,6.68,1.92
2.83,95.19,3.56,2.07,4.83,4.46,1.24
2.33,94.0,4.91,2.26,4.21,5.44,-0.7
1.68,93.56,2.62,3.91,5.54,0.29,-0.46
4.57,93.94,5.59,1.66,7.67,0.84,0.45
7.79,91.0,5.13,3.34,10.53,3.82,4.91
3.12,87.56,3.83,4.33,5.61,0.7,-0.88
2.1,94.31,4.2,2.23,9.33,7.47,-1.41
7.73,90.88,4.84,2.37,10.79,7.14,3.76
4.02,95.69,3.45,2.6,5.87,4.49,2.66
4.36,95.19,3.23,3.42,6.16,2.66,3.16
4.05,94.19,4.77,2.1,6.42,2.37,1.2
3.94,94.31,3.68,4.66,6.11,0.14,2.65
3.04,92.56,4.48,4.76,6.25,4.24,1.41
4.17,88.94,5.5,3.39,6.62,12.81,1.51
3.51,94.75,2.7,4.38,7.77,0.56,1.26
6.57,97.44,2.92,3.04,9.62,1.7,3.66
6.5,96.44,2.31,2.8,8.58,0.19,5.23
4.69,93.81,1.18,1.88,6.44,0.12,3.27
5.51,92.06,0.94,2.47,9.39,0.03,3.04
7.15,91.19,1.51,2.2,11.08,0.06,4.98
5.26,93.81,3.09,3.11,8.6,0.1,2.79
4.55,91.19,3.3,5.39,8.44,0.1,2.45
4.64,93.69,2.73,1.91,5.39,0.25,4.07
3.1,93.06,1.94,2.26,5.85,0.15,-1.35
-2.14,93.81,1.88,5.33,2.7,0.02,-4.42
-2.38,93.12,2.7,1.96,0.91,0.04,-4.2
2.25,97.94,3.55,4.19,5.42,0.98,-1.81
6.83,98.62,2.29,2.09,8.7,3.84,5.62
6.54,98.62,1.36,2.14,8.62,2.75,5.16
6.51,98.44,1.91,1.83,9.72,3.41,5.18
8.56,96.31,4.14,2.14,10.94,5.85,6.92
10.18,86.38,6.2,2.33,12.12,5.31,8.24
11.04,96.25,4.06,1.46,13.77,5.59,7.62
11.3,95.44,3.8,2.73,14.64,0.2,8.51
8.37,96.31,2.84,5.3,13.02,0.23,6.27
7.92,95.19,3.08,4.77,11.89,0.1,6.24
9.36,92.0,5.03,3.08,13.23,0.15,6.21
9.74,94.75,4.42,2.15,11.21,8.39,8.86
7.41,93.5,3.51,1.62,10.08,17.51,2.28
1.51,89.56,2.72,5.5,6.33,0.01,-1.4
1.19,88.38,2.2,4.51,5.8,0.32,-1.99
3.41,93.12,4.73,3.57,6.87,7.45,0.61
5.09,94.81,5.33,1.38,8.11,14.41,1.33
4.57,92.62,3.23,2.53,6.69,2.07,2.25
2.06,96.31,1.88,2.67,4.0,0.14,-0.17
0.16,90.88,1.82,2.75,4.73,0.01,-2.97
0.58,91.19,1.15,4.74,3.91,0.08,-2.38
0.62,94.0,1.55,3.63,5.5,0.05,-1.63
0.9,87.31,1.3,5.84,6.05,0.03,-1.95
-0.02,91.38,1.22,5.51,5.76,0.04,-2.74
0.44,95.81,2.73,2.25,3.55,0.54,-2.95
2.33,97.06,1.02,3.43,5.07,0.26,0.1
3.06,93.31,1.92,6.6,8.26,0.06,-0.0
3.66,94.38,2.23,1.43,6.81,2.16,0.53
2.29,93.19,2.75,4.82,6.5,0.17,-0.38
1.71,92.5,2.35,4.38,6.3,0.11,-1.34
2.7,92.62,1.28,2.75,6.75,0.1,-0.63
1.53,92.75,1.66,2.89,4.34,0.13,-1.95
-0.24,93.19,1.88,6.52,5.51,0.06,-2.28
-0.02,93.69,0.77,2.92,3.78,0.16,-2.69
0.14,92.25,1.07,2.18,4.4,0.2,-2.06
2.49,94.94,3.19,2.98,5.13,0.7,-0.75
3.24,96.06,1.95,2.95,6.2,0.28,0.84
7.72,95.69,4.45,4.02,9.57,0.7,4.61
5.01,85.5,1.71,7.46,9.12,0.08,2.13
4.85,78.5,5.33,5.23,8.51,0.53,-0.77
5.53,96.31,4.34,2.88,9.17,1.23,-0.63
8.31,92.31,3.06,3.69,10.8,0.12,6.26
5.81,93.0,3.18,4.22,6.99,0.22,4.7
5.24,91.38,4.27,2.98,10.54,0.97,0.34
3.9,89.56,3.81,9.12,9.4,0.11,0.12
7.58,92.19,7.36,2.42,10.73,10.31,3.62
4.94,79.94,2.84,9.43,9.86,0.01,0.75
7.29,93.38,2.97,4.93,10.93,0.13,3.85
5.52,87.12,1.99,9.91,11.93,0.07,1.39
4.73,93.19,3.38,5.1,8.17,3.37,2.75
2.49,85.44,1.73,9.5,8.53,0.0,-1.63
0.92,79.62,2.66,10.62,8.18,0.02,-3.17
4.77,87.75,5.58,8.86,12.73,0.08,-3.23
8.24,85.69,4.59,6.57,11.53,3.53,4.92
6.37,89.81,5.0,8.17,9.93,2.15,2.8
11.54,91.0,7.17,4.49,13.62,3.96,8.23
9.96,75.5,5.81,8.35,13.35,0.35,6.2
8.9,81.19,7.62,4.12,11.8,2.23,4.54
5.88,78.0,5.99,11.39,10.1,0.45,1.82
9.82,83.75,7.51,4.62,12.92,2.44,7.12
7.7,73.25,7.34,6.93,10.81,0.47,5.03
7.86,89.94,4.34,4.46,13.04,0.71,4.23
7.05,87.94,2.13,7.17,11.95,0.56,3.4
6.65,82.69,4.42,7.3,11.62,1.44,0.72
3.9,84.06,3.18,11.56,10.15,0.08,0.4
3.3,79.19,3.02,13.97,9.47,0.02,-0.63
1.97,76.19,3.48,12.97,9.98,0.0,-3.74
2.47,75.69,2.01,14.44,10.98,0.02,-4.08
4.48,80.12,1.43,8.86,8.62,0.55,0.31
6.15,78.88,1.81,8.7,12.23,0.05,2.8
8.33,91.19,1.3,5.81,12.65,0.12,4.12
8.33,82.62,0.72,9.44,12.97,0.27,4.79
6.18,72.75,0.96,12.27,12.39,0.09,0.67
2.43,74.62,2.83,14.37,8.52,0.02,-2.43
0.84,75.0,4.12,14.7,6.5,0.01,-3.49
3.09,76.5,3.25,15.32,12.24,0.0,-4.07
6.8,81.88,2.84,15.01,14.51,0.03,0.58
8.58,80.5,2.88,15.0,16.4,0.0,2.74
8.48,89.69,4.53,6.48,12.7,4.93,4.96
7.56,89.94,4.62,6.41,10.64,1.72,5.98
7.86,85.12,4.72,5.48,11.6,3.09,4.87
7.83,78.94,2.59,16.28,14.25,0.1,3.24
9.16,88.56,1.91,6.65,13.48,6.83,6.41
11.19,88.5,2.4,5.85,16.97,0.12,7.06
7.93,74.88,3.81,7.16,12.22,0.12,2.4
6.95,68.5,4.81,14.88,14.55,0.02,-0.07
7.7,70.88,4.73,16.47,15.09,0.0,2.09
6.38,73.88,1.84,11.58,12.94,0.0,-0.68
10.56,80.0,2.13,16.55,17.64,0.05,5.05
9.69,70.94,2.35,17.48,17.22,0.0,3.61
9.34,67.88,1.63,17.63,17.48,0.0,1.3
10.52,68.62,2.16,17.15,19.26,0.0,2.97
9.83,67.25,2.98,17.7,18.22,0.0,2.4
10.19,71.94,3.45,17.37,18.15,0.0,3.98
10.94,73.5,2.58,18.21,19.49,0.0,4.58
12.55,66.94,1.0,16.35,20.34,0.49,6.24
11.57,92.38,1.79,8.58,14.37,6.17,9.73
10.27,87.19,1.84,8.03,13.51,3.7,7.19
4.86,83.94,4.18,8.28,6.48,2.25,1.48
1.9,82.69,5.66,5.36,3.76,2.52,-0.21
2.57,71.19,4.55,11.22,7.5,0.02,-2.27
3.12,70.81,2.84,17.36,9.01,0.01,-2.67
4.96,74.19,4.25,17.11,10.61,0.72,-2.0
9.83,89.44,3.87,5.2,14.01,1.2,6.5
9.34,84.25,5.09,7.97,12.05,0.82,5.82
10.8,76.25,7.17,11.13,14.75,3.43,5.68
5.37,94.69,2.8,6.29,8.87,27.27,2.4
5.37,80.75,1.85,13.3,10.01,2.05,1.19
7.15,68.25,1.85,21.08,13.9,0.01,-0.3
10.71,73.12,3.49,20.06,17.89,0.0,2.65
13.86,77.81,3.1,17.31,20.41,1.31,8.23
13.12,86.69,0.71,9.01,15.71,5.6,10.34
14.76,76.94,0.84,20.06,20.43,0.01,10.2
14.39,76.0,1.74,20.82,20.28,0.0,9.5
12.55,73.88,3.23,23.92,18.77,0.01,6.82
11.08,65.06,2.82,25.03,19.73,0.0,3.08
10.69,71.69,1.49,21.0,17.29,0.0,3.54
11.63,76.5,2.17,19.81,17.37,0.02,6.9
11.54,72.94,2.84,21.11,17.74,0.03,7.27
11.67,71.19,2.89,23.99,18.82,0.0,3.94
12.56,75.0,2.93,23.11,18.36,0.01,6.98
12.02,83.19,3.2,14.15,17.38,0.46,7.59
13.26,76.0,2.55,13.83,18.39,0.22,8.69
10.58,74.81,2.73,18.88,16.18,0.07,5.9
10.4,76.56,2.69,16.34,16.07,0.05,5.69
11.37,74.75,3.3,24.61,18.19,0.0,4.08
13.24,72.5,3.02,21.94,20.56,0.0,6.47
12.62,77.06,2.73,18.84,18.92,0.02,7.45
11.15,71.44,3.16,24.92,16.6,0.01,5.66
10.07,71.44,2.36,20.96,16.39,0.0,3.43
12.41,72.12,2.82,19.05,17.2,0.01,5.88
13.14,71.0,3.26,21.75,19.12,0.01,7.24
12.29,78.12,2.26,11.26,18.03,0.13,7.15
13.05,79.44,2.31,14.78,18.55,0.55,7.07
14.34,74.19,1.86,25.14,21.12,0.04,7.28
14.66,77.56,1.54,19.9,20.05,0.34,9.07
15.1,79.31,2.65,23.37,20.62,0.13,9.14
17.24,71.75,1.24,25.39,24.03,0.01,8.26
18.76,69.75,2.66,22.83,25.63,0.0,13.39
17.51,70.12,3.21,27.6,24.05,0.0,10.21
15.24,70.19,2.02,20.26,21.08,0.0,9.51
14.23,69.44,1.72,28.35,20.71,0.0,6.75
15.9,67.31,0.98,25.33,22.44,0.0,8.33
19.38,65.62,2.59,23.9,26.23,2.77,11.82
18.73,75.5,2.36,20.9,23.15,1.84,14.58
20.79,68.12,1.79,26.04,27.01,0.03,13.37
21.08,72.25,2.12,25.66,26.79,1.19,13.98
19.7,79.81,2.0,21.45,23.58,3.37,15.9
17.47,81.88,3.16,15.22,23.5,4.34,11.83
17.12,71.44,1.27,26.29,23.3,0.02,10.15
16.79,75.0,1.99,15.42,21.23,1.57,11.87
16.42,85.0,2.85,8.63,19.95,5.61,12.8
13.62,73.94,3.16,20.82,17.98,1.21,9.55
14.84,70.62,2.95,24.59,20.59,0.51,7.47
16.58,76.06,2.81,18.53,22.01,0.13,11.54
15.56,76.31,2.74,14.96,20.97,0.37,9.57
14.2,68.56,2.58,24.77,20.2,0.01,8.06
11.81,67.81,3.17,24.48,16.46,0.04,6.03
12.8,67.69,1.86,24.77,18.44,0.02,7.06
14.06,63.5,1.91,24.18,19.94,0.05,7.52
15.12,64.62,2.03,28.71,21.44,0.0,8.33
16.46,60.75,2.93,26.19,22.89,0.0,8.73
18.01,78.62,1.95,12.29,24.4,7.41,12.37
19.62,85.06,1.93,22.44,25.96,11.23,13.45
17.96,86.44,2.31,14.58,22.29,3.0,12.73
16.59,71.44,2.51,22.49,21.29,0.14,10.87
17.59,76.38,2.96,19.97,21.89,1.55,13.19
16.32,77.88,3.33,15.7,21.51,10.49,12.01
16.52,70.12,2.49,22.69,21.23,0.08,10.07
19.19,72.0,2.41,24.71,24.53,0.01,13.24
19.89,74.25,1.66,27.45,25.41,0.23,13.69
17.43,65.75,2.12,28.7,23.69,0.0,11.08
16.62,68.38,1.89,30.32,22.43,0.01,8.74
17.86,63.38,2.25,28.45,24.13,0.0,9.73
20.91,59.56,1.86,28.1,28.19,0.0,13.15
21.04,62.69,1.77,28.74,27.65,0.0,13.35
24.11,53.25,1.48,27.97,30.55,0.0,14.75
26.12,57.31,1.78,27.66,34.17,0.15,17.94
20.29,78.12,3.73,24.2,26.59,5.73,14.22
17.82,77.62,3.19,16.2,22.94,17.83,13.19
19.25,70.56,2.57,24.39,25.4,1.58,12.26
19.48,76.69,1.91,16.27,24.8,1.7,13.87
21.51,73.44,2.01,22.58,26.53,0.94,16.13
19.71,76.06,3.24,19.84,22.94,7.58,16.63
16.86,83.88,2.21,10.02,20.39,4.65,13.87
16.27,75.31,1.57,15.44,20.94,0.3,12.12
17.51,69.38,2.18,21.95,22.65,0.73,12.8
19.02,63.19,1.49,30.73,25.36,0.0,10.73
19.51,64.31,2.21,28.7,25.58,0.11,11.96
14.61,82.56,1.84,6.44,17.28,9.94,10.9
16.22,68.44,1.96,23.62,21.81,0.23,8.76
19.15,58.5,1.7,30.44,25.02,0.0,11.67
18.05,69.06,2.11,27.98,24.16,0.0,10.65
18.37,65.69,1.6,29.88,24.95,0.0,11.41
18.23,66.12,2.26,29.8,25.16,0.01,9.59
18.64,68.25,1.94,27.54,24.77,0.0,10.9
18.46,72.0,3.06,16.77,23.24,0.05,12.44
18.44,67.75,2.08,29.94,25.64,0.0,9.63
20.91,64.81,2.43,28.01,28.11,0.0,14.64
19.26,63.75,3.23,29.44,25.61,0.0,12.05
21.95,62.31,2.59,29.64,28.6,0.0,14.08
23.1,53.5,1.52,28.71,30.48,0.0,14.62
25.31,53.81,1.85,24.27,33.83,0.0,16.93
23.4,61.38,2.9,26.32,29.99,0.0,16.35
19.84,55.19,2.7,28.97,25.9,0.0,13.42
20.91,56.38,2.23,28.56,27.9,0.0,12.69
22.52,48.88,2.41,26.52,30.26,0.0,14.0
26.52,40.94,1.68,26.99,35.35,0.0,17.05
28.47,44.25,3.34,27.27,38.21,0.05,19.07
21.33,73.88,2.23,9.96,24.2,8.49,17.24
21.74,71.5,1.95,19.38,27.72,0.33,14.8
20.93,75.06,1.48,12.61,26.51,3.29,15.57
22.26,70.38,1.48,19.06,27.61,0.58,17.07
24.87,59.62,2.03,27.46,31.88,0.0,16.49
22.51,60.31,3.38,20.71,27.52,0.0,17.01
19.56,66.88,2.43,15.15,23.87,0.15,14.77
19.1,60.0,2.57,22.44,24.47,0.01,13.56
19.54,53.62,1.61,19.35,25.55,0.0,13.02
21.31,58.88,1.49,22.14,28.28,0.34,15.05
22.8,58.75,1.76,21.62,29.7,0.0,16.01
22.77,67.12,2.3,26.27,29.36,0.0,16.14
22.33,68.5,1.59,16.86,28.15,0.05,16.2
24.44,58.25,0.95,24.77,31.08,0.0,16.91
27.11,47.25,1.27,26.06,34.29,0.0,18.75
23.69,66.44,2.29,18.39,29.96,5.08,18.17
20.48,62.75,3.12,21.74,26.44,1.13,14.44
18.14,51.88,3.63,27.28,24.33,0.0,11.08
19.51,52.0,3.74,26.71,26.36,0.0,11.69
20.6,53.12,3.88,25.66,27.75,0.0,12.69
22.08,55.19,3.78,25.54,29.88,0.0,13.53
23.83,51.19,3.16,25.27,32.02,0.0,15.13
24.27,42.12,2.84,25.33,32.19,0.0,15.92
25.01,39.75,2.48,25.13,33.51,0.0,16.14
24.79,38.0,2.41,25.7,32.72,0.0,16.6
21.72,63.56,1.92,12.19,28.07,3.07,17.02
21.15,72.25,2.07,12.89,26.41,1.8,16.41
21.12,72.75,1.35,13.96,25.15,8.74,16.57
20.78,72.31,1.17,15.4,24.55,2.17,16.58
22.06,65.06,1.57,17.68,28.36,0.15,15.95
20.59,78.69,2.46,12.25,26.65,1.76,15.01
19.69,61.94,1.6,23.8,25.95,0.07,12.17
20.51,56.25,1.19,16.66,26.4,0.01,12.96
21.31,64.75,1.33,14.01,26.96,0.03,14.58
23.8,67.12,1.27,17.16,28.91,0.36,17.3
25.75,54.94,1.15,21.81,32.29,0.0,18.83
24.37,56.19,2.59,19.53,32.15,0.12,18.53
21.87,65.94,2.62,14.26,27.49,0.1,17.06
19.57,62.44,2.6,18.85,25.73,0.0,13.8
19.96,62.75,2.9,17.46,26.78,0.0,12.88
21.56,53.06,3.32,19.94,29.2,0.0,14.9
20.19,62.56,1.91,10.0,27.01,0.52,14.68
20.81,63.75,2.36,19.19,27.44,0.0,14.05
22.21,58.44,2.46,17.3,28.71,0.04,16.4
20.47,66.69,1.69,11.98,25.99,3.75,16.46
20.23,71.69,1.9,13.65,25.37,0.95,16.0
21.49,58.25,1.95,18.05,28.8,0.1,13.8
23.33,60.0,1.84,17.28,30.57,2.83,16.24
20.47,74.06,1.79,17.93,27.7,9.96,14.94
18.27,80.94,2.68,11.82,23.26,5.1,14.51
17.73,76.94,3.86,13.35,22.47,3.5,13.6
16.8,79.06,4.43,11.65,21.16,4.87,13.27
16.63,84.06,3.01,8.68,20.96,4.41,12.62
17.76,74.5,0.99,15.31,24.2,0.17,12.09
19.72,65.12,1.97,18.11,27.36,0.14,12.09
21.59,69.19,1.51,8.73,27.44,1.36,17.05
21.31,82.5,2.0,12.56,26.62,3.07,17.54
17.92,73.06,2.52,12.71,23.14,0.31,12.87
14.02,71.12,2.52,10.08,18.29,0.26,9.84
11.9,66.38,3.1,15.49,18.13,0.01,7.12
12.61,70.62,2.78,16.48,20.13,0.0,5.89
12.9,70.06,2.05,14.31,19.46,0.01,6.92
12.76,74.75,1.62,11.47,18.7,0.01,6.93
12.94,69.81,1.83,16.61,20.01,0.03,7.37
13.9,58.19,1.14,16.88,21.17,0.0,5.72
15.09,59.62,1.14,10.28,20.13,0.1,10.17
14.57,80.69,1.22,7.78,17.74,3.34,11.87
13.42,74.94,2.93,11.29,18.88,0.3,8.97
12.24,79.38,4.22,6.95,16.46,7.82,9.02
12.24,81.38,3.66,8.74,16.54,2.93,8.65
11.56,77.25,1.87,9.6,16.46,0.65,7.6
10.79,75.5,0.9,8.05,15.42,1.45,6.92
12.13,70.25,2.65,13.92,18.57,3.43,5.76
16.19,77.5,4.8,9.1,20.69,5.21,11.44
14.79,91.0,2.77,7.56,19.12,8.58,8.94
11.65,80.06,1.46,8.98,18.14,0.12,7.37
12.27,77.81,2.08,13.23,20.19,0.07,6.08
15.31,76.62,4.24,13.13,22.23,0.42,8.75
13.73,70.88,1.4,14.82,19.29,0.04,8.01
11.98,67.75,1.52,13.23,19.48,0.01,5.34
11.9,75.19,1.96,13.35,18.54,0.13,6.93
11.15,75.56,2.24,14.54,19.65,0.0,4.15
13.47,84.88,2.78,7.17,20.73,0.15,7.66
11.05,71.94,2.38,11.26,17.97,0.0,6.8
12.58,79.56,1.41,11.35,19.64,0.03,6.68
13.73,85.81,3.26,5.45,17.21,3.36,10.67
14.95,92.94,2.51,3.61,17.73,4.74,12.84
16.27,81.38,3.69,6.61,20.72,2.51,13.2
16.67,84.88,2.52,7.67,21.97,2.52,12.59
16.83,92.69,2.62,3.4,18.73,7.72,15.2
16.75,89.19,1.75,6.53,21.56,1.95,13.69
16.99,84.81,3.99,10.36,23.03,0.23,13.14
17.34,86.69,3.44,9.7,22.31,9.94,14.5
16.44,85.44,3.77,8.79,21.15,5.2,13.14
15.65,83.44,2.91,10.57,21.31,0.07,10.94
17.94,72.88,5.02,5.77,23.36,0.44,14.48
15.62,78.44,5.35,7.34,19.06,0.82,12.35
14.94,82.81,3.15,8.04,19.64,1.26,11.2
16.19,84.62,3.47,10.34,22.0,0.03,12.13
17.59,80.25,3.84,6.91,24.15,0.12,13.12
17.76,82.31,3.02,7.08,22.9,0.01,14.91
17.58,77.12,3.12,6.83,22.41,0.0,14.87
14.87,91.38,1.53,6.95,19.24,0.6,12.55
16.12,86.75,3.18,7.81,21.23,3.92,12.41
13.67,75.25,5.55,9.08,17.59,0.19,9.37
11.7,81.81,3.72,8.15,15.7,0.13,8.18
10.84,89.25,4.41,2.18,15.14,4.79,7.78
8.9,87.38,3.29,5.11,13.01,2.26,3.9
8.02,85.31,2.98,5.18,12.66,0.08,3.87
7.65,87.88,4.3,1.93,10.14,6.05,5.08
11.9,88.88,4.81,4.75,16.95,0.25,9.03
12.19,87.5,4.92,5.05,15.96,0.33,8.78
11.13,89.62,3.55,5.87,15.37,0.36,6.86
8.69,92.19,2.48,4.94,14.11,0.07,6.62
8.12,93.5,2.39,5.3,12.47,0.09,6.06
9.76,93.44,2.01,7.12,16.15,0.15,7.15
8.22,87.12,1.79,6.17,15.48,0.05,3.08
8.4,93.75,2.31,5.48,15.16,0.11,2.86
9.21,95.5,4.11,2.17,12.71,5.39,6.8
10.26,91.62,5.61,3.74,13.31,7.35,7.21
10.98,85.19,5.67,4.52,13.75,3.15,8.14
8.44,92.31,3.3,4.21,11.9,1.06,5.18
7.23,91.38,1.94,4.49,11.51,0.77,4.83
5.8,92.06,3.65,3.02,9.74,2.11,2.4
5.68,92.81,4.22,2.0,7.22,3.31,2.99
7.22,86.69,5.59,4.38,10.55,3.8,3.0
7.51,91.56,4.79,3.45,12.41,7.43,3.87
8.98,91.75,4.66,5.77,12.08,1.2,7.19
7.21,94.88,2.65,5.03,11.94,0.9,3.01
5.62,92.38,2.94,2.88,9.08,0.04,2.49
5.82,83.06,3.8,2.47,8.37,7.67,3.3
7.2,95.5,2.15,3.78,9.83,2.34,5.71
6.71,93.69,0.55,3.08,8.58,0.19,5.33
4.95,94.06,2.18,2.45,6.59,0.11,3.57
4.48,90.25,3.13,2.36,7.9,0.15,2.8
3.13,91.31,3.12,1.63,5.76,0.93,1.37
1.07,91.56,3.3,1.81,5.18,0.17,-1.04
1.15,89.88,2.69,1.66,3.3,1.52,-0.78
1.0,91.69,1.08,1.48,3.37,1.87,-1.07
1.44,96.94,1.04,1.7,4.52,0.15,-1.61
3.07,95.75,1.1,2.98,5.48,0.29,1.3
1.61,94.19,1.01,2.13,3.63,0.39,-0.35
-0.22,94.88,1.46,3.71,2.9,0.18,-1.71
-1.1,91.5,1.23,3.48,3.88,0.06,-3.77
-2.72,92.25,2.42,2.55,0.94,0.05,-4.53
-2.52,83.06,2.91,3.25,0.92,0.42,-4.27
-2.83,79.31,3.2,4.93,0.5,0.0,-4.42
-1.46,85.69,1.93,2.83,1.06,1.34,-3.38
-3.04,89.56,3.17,4.19,1.37,0.03,-5.92
-2.3,95.94,2.12,4.24,2.36,0.09,-4.52
-5.17,93.56,1.7,3.53,-0.46,0.07,-7.48
-2.97,91.12,3.88,2.67,4.23,6.3,-8.17
5.04,99.06,4.61,2.3,7.48,1.84,3.24
7.51,98.62,3.98,1.5,9.97,9.11,5.15
8.47,97.12,3.73,2.58,10.74,6.31,5.44
10.73,94.62,5.17,1.73,11.73,9.25,9.99
11.62,94.31,4.7,1.73,14.56,5.13,9.65
9.16,96.44,3.07,2.22,11.31,0.61,7.98
9.74,93.81,3.62,2.49,12.7,2.38,7.61
7.48,90.19,3.87,2.29,11.33,1.21,2.95
5.01,91.06,3.51,4.54,8.94,0.13,2.75
9.36,92.06,6.87,2.51,10.98,3.39,7.03
8.47,87.75,5.29,3.6,11.33,1.78,4.75
9.87,93.81,6.68,1.42,14.07,4.51,4.73
12.98,82.19,7.13,3.08,15.65,0.58,10.84
10.98,88.62,4.48,1.0,12.68,4.52,9.95
8.74,91.75,3.14,2.58,11.68,5.81,4.61
6.4,95.0,4.24,2.77,7.61,1.36,5.26
10.73,93.25,6.18,1.28,12.95,2.07,8.12
11.13,93.19,3.7,2.29,13.73,0.87,9.3
9.69,92.5,4.21,2.87,12.33,0.22,7.8
7.5,87.94,5.33,3.49,10.27,1.09,4.63
7.94,92.06,5.05,3.9,10.43,4.04,5.37
5.84,91.75,5.52,2.88,8.15,2.4,2.93
6.63,95.75,5.18,1.58,10.93,3.45,3.05
9.29,87.31,5.34,4.66,11.21,3.66,7.12
9.4,91.19,6.92,2.17,11.14,1.99,7.25
7.88,87.19,5.09,4.57,10.78,1.12,5.43
9.14,92.88,6.72,1.2,12.04,12.42,5.39
6.13,86.25,6.1,5.13,8.49,2.09,4.36
4.11,91.44,6.1,2.26,6.12,9.07,0.39
1.21,92.31,2.62,1.83,4.87,0.97,-1.38
0.11,92.56,2.17,6.45,4.67,0.23,-4.13
0.56,95.69,1.73,2.16,3.49,0.65,-1.6
1.83,91.81,2.97,3.24,5.93,0.52,-2.2
-0.1,88.25,4.08,4.79,4.01,0.12,-2.99
-1.09,86.75,3.07,2.73,2.53,0.06,-3.09
-0.56,91.88,3.33,2.18,3.49,0.06,-2.45
0.08,92.44,2.87,2.1,4.17,0.07,-2.48
-0.2,92.75,1.52,1.87,2.44,0.16,-1.93
1.29,94.5,2.41,2.45,3.87,0.62,-1.22
2.98,89.38,4.23,2.17,5.76,0.14,1.01
0.35,88.5,2.87,3.57,4.37,0.05,-3.35
0.9,86.88,1.68,6.21,5.1,0.08,-2.96
3.28,93.69,3.16,2.93,8.86,0.47,-0.27
3.59,93.56,3.32,4.88,7.43,0.19,-1.38
6.06,87.06,4.13,4.43,9.59,0.06,3.97
6.43,87.19,3.76,3.13,11.19,0.1,3.56
6.89,94.81,3.55,3.54,10.02,0.31,4.54
7.43,90.44,1.93,3.39,11.66,0.32,4.99
5.15,85.44,3.59,5.94,9.46,0.23,1.9
2.57,86.31,3.39,9.1,7.64,0.1,-1.03
0.54,83.81,2.82,9.58,6.3,0.04,-3.76
-0.97,78.0,1.92,9.97,6.37,0.0,-4.49
1.01,70.31,0.93,8.96,6.67,0.01,-4.3
3.19,88.81,1.69,6.21,9.04,0.1,0.08
3.49,93.75,1.02,8.86,8.72,0.07,-0.14
4.5,89.44,2.07,5.32,9.94,0.06,0.63
4.37,86.75,1.98,10.13,11.49,0.06,0.76
4.41,87.19,1.47,10.53,12.9,0.0,-0.93
4.74,88.75,2.02,8.22,11.9,0.03,0.12
7.47,88.12,3.74,7.2,12.7,0.24,2.47
11.39,90.12,4.12,3.29,16.63,0.23,8.49
9.84,86.38,4.51,4.71,12.65,0.29,8.4
9.19,83.44,2.86,6.19,13.72,0.13,4.3
6.65,86.94,1.78,11.69,12.37,0.03,2.99
7.2,85.56,1.5,10.94,14.28,0.07,2.59
7.86,94.94,1.95,2.23,11.29,0.82,5.92
7.3,92.19,2.25,5.85,10.81,0.48,5.71
6.3,84.5,2.76,5.55,11.34,0.07,3.47
4.29,77.75,4.01,8.05,8.55,0.08,-0.41
0.34,70.06,5.46,11.78,4.77,0.0,-3.27
0.4,71.56,4.91,13.9,6.61,0.0,-4.11
-0.0,76.06,3.56,11.37,5.24,0.0,-3.38
0.57,79.0,3.22,13.03,7.38,0.0,-3.84
2.25,83.19,2.49,12.37,9.92,0.0,-3.52
2.23,81.88,2.99,13.06,9.37,0.05,-1.49
3.14,83.56,2.7,7.12,8.78,0.08,-1.4
4.37,80.19,1.31,4.44,8.83,0.34,1.03
4.45,79.44,2.41,5.83,8.48,0.17,-0.24
4.51,82.38,3.95,8.82,8.24,3.91,0.62
9.96,86.31,6.16,5.38,15.86,11.2,3.79
11.25,85.5,6.61,7.56,14.23,8.44,8.57
6.7,81.56,6.55,5.5,10.36,5.43,1.74
4.94,74.25,1.84,10.58,9.55,0.73,-0.9
11.05,82.25,4.92,9.65,15.2,2.08,7.47
13.02,80.5,7.16,4.71,17.46,0.94,9.64
7.58,76.88,5.23,10.63,10.8,2.98,1.96
6.13,78.06,1.84,13.47,11.46,0.07,1.68
8.86,68.56,4.01,13.31,15.8,0.0,2.29
10.76,84.12,3.43,9.44,14.1,0.63,7.92
10.8,84.38,3.88,13.57,16.15,2.64,7.41
8.74,84.62,2.41,7.29,12.62,2.51,4.56
8.2,80.5,2.41,13.18,14.98,0.15,1.26
10.64,82.19,3.47,10.07,15.85,0.33,6.76
10.05,85.44,5.4,8.12,13.31,1.33,6.15
12.6,82.44,5.96,10.04,15.53,4.76,9.68
11.73,75.94,6.45,15.12,15.82,2.12,7.49
10.25,76.88,5.71,12.49,13.76,0.65,7.67
8.6,82.44,5.16,10.69,11.01,6.18,3.86
5.11,71.81,2.62,13.47,10.8,0.08,0.69
6.55,66.75,3.12,10.4,12.19,0.2,0.13
12.44,80.62,3.46,12.7,16.95,0.19,7.9
12.94,79.0,5.42,13.9,16.7,4.89,10.37
11.91,75.44,8.27,11.38,14.3,2.74,9.64
10.37,81.69,5.87,12.8,13.58,4.62,7.26
8.13,81.81,4.43,3.79,11.82,0.6,4.77
6.84,70.12,3.59,18.8,12.68,0.03,1.73
4.7,67.5,2.55,22.35,11.94,0.0,-2.06
7.9,63.06,0.88,21.88,14.76,0.0,-0.09
8.69,81.25,2.69,8.85,14.33,1.28,4.53
8.49,79.0,2.52,15.35,13.7,0.2,3.99
8.25,79.12,2.05,19.94,15.28,0.03,3.25
10.68,75.69,1.88,20.47,17.75,0.02,3.23
11.69,79.5,3.98,9.11,17.3,6.08,7.04
9.78,81.31,4.32,12.82,13.77,8.73,7.5
9.91,69.94,6.09,16.31,12.72,8.02,7.42
8.67,73.56,3.98,18.73,12.05,1.31,5.8
7.05,86.62,3.4,8.53,9.26,2.83,4.06
8.75,84.25,3.02,9.67,13.6,7.68,3.73
8.9,74.88,2.95,16.69,15.85,0.04,3.55
9.37,82.0,3.12,11.73,14.82,0.11,4.2
10.76,75.88,3.88,16.91,16.05,0.19,5.4
12.23,75.25,3.84,21.58,18.21,0.09,6.54
7.49,75.0,3.34,16.56,12.55,0.27,3.0
8.51,74.19,1.36,16.97,14.76,0.39,2.77
10.57,86.0,2.63,10.25,15.21,5.84,5.55
9.83,87.81,3.99,9.12,14.14,5.42,6.82
10.29,80.88,3.09,12.33,13.98,3.6,6.9
8.26,78.06,2.29,11.97,13.05,0.62,4.84
9.48,70.5,1.75,15.63,15.19,0.19,2.64
12.69,75.69,2.33,18.02,17.8,3.52,6.52
15.73,84.44,3.33,14.49,21.23,5.25,9.69
12.04,78.81,2.15,10.85,17.44,0.04,7.26
12.69,73.94,1.65,16.94,17.37,0.02,6.72
12.12,80.25,2.28,16.05,16.03,3.07,7.29
12.4,77.31,1.92,21.08,18.44,0.11,6.26
12.94,70.25,3.26,26.61,20.05,0.0,4.8
15.28,76.94,3.27,20.12,22.61,0.54,7.96
14.26,82.25,2.41,16.1,19.45,3.88,9.02
15.33,83.75,1.53,17.93,20.48,4.07,9.84
15.0,88.25,1.57,11.68,18.97,15.06,10.57
14.77,83.25,1.51,14.86,20.2,0.22,9.0
13.7,89.88,2.8,8.38,17.06,15.0,12.09
12.83,85.38,3.17,12.62,16.09,7.1,9.9
12.18,81.38,1.66,14.7,15.84,1.15,7.32
12.33,85.69,3.04,11.43,15.46,1.46,9.02
14.65,79.19,3.33,20.46,20.66,1.35,9.03
13.24,80.38,2.55,13.28,19.47,0.52,7.73
11.69,83.56,2.56,13.46,17.84,1.91,6.89
11.03,70.44,3.89,24.77,16.55,0.0,5.22
11.83,73.44,3.27,22.57,17.33,0.02,4.98
11.79,69.94,3.0,23.18,17.88,0.0,6.25
13.24,69.94,3.38,25.5,19.69,0.0,5.91
15.15,73.25,3.84,19.68,20.36,0.02,8.12
16.55,77.44,3.61,22.16,22.13,0.03,11.37
16.17,78.0,2.95,19.67,22.36,0.03,10.32
14.22,71.94,4.0,10.69,20.0,0.05,8.47
13.45,66.5,3.68,27.85,19.37,0.0,6.15
15.05,68.94,3.91,28.69,21.22,0.02,8.85
15.68,71.06,3.55,28.55,22.3,0.03,8.84
16.81,71.31,2.88,27.01,23.85,0.0,8.87
18.31,68.25,3.45,27.5,25.04,0.04,11.03
17.22,69.75,4.93,28.8,23.61,0.01,10.82
16.06,62.44,4.66,26.84,22.19,0.0,9.3
18.3,67.12,4.01,29.06,25.13,0.02,10.72
18.64,70.69,3.85,29.16,25.81,0.05,11.73
14.62,68.0,3.94,26.92,20.74,0.02,8.53
17.15,66.88,3.51,28.73,23.6,0.03,9.46
18.03,59.0,3.79,28.79,24.61,0.0,10.35
18.23,64.81,3.64,28.09,25.19,0.03,10.59
18.65,66.44,3.31,27.01,26.15,0.02,10.5
19.85,67.88,3.21,25.97,26.83,0.05,12.28
20.68,69.31,2.72,27.62,26.61,0.06,13.33
22.41,62.88,2.94,24.51,29.13,0.19,14.67
23.19,66.88,1.46,21.43,28.26,1.28,16.97
22.53,70.38,1.18,18.2,27.55,4.79,17.76
21.9,70.25,1.92,22.71,28.44,1.86,15.9
22.01,58.31,2.32,28.94,28.22,0.03,15.88
21.09,54.06,1.92,29.61,28.08,0.0,12.69
21.05,57.62,1.72,26.91,27.48,0.0,13.31
22.18,53.19,1.27,25.21,28.46,0.0,14.0
22.99,59.38,1.74,18.86,28.23,0.82,17.3
21.69,79.31,2.82,17.67,25.83,13.72,16.19
20.0,79.19,1.49,15.38,25.31,7.32,14.58
20.98,83.44,2.29,16.01,25.99,1.48,16.69
22.1,71.38,1.25,21.82,27.65,0.38,16.5
18.86,84.12,2.98,10.15,22.33,10.32,14.65
20.93,68.88,1.38,26.77,26.94,0.11,12.69
22.01,65.94,1.04,29.29,28.3,0.0,14.27
24.02,61.81,2.55,30.2,30.9,0.0,15.69
19.3,63.25,2.89,24.62,24.06,0.0,15.06
19.2,65.0,1.56,23.59,24.87,0.0,12.58
20.92,63.25,0.77,22.75,26.82,0.0,14.22
20.69,72.12,1.87,12.1,26.11,1.17,16.01
19.06,61.0,2.71,22.14,24.26,0.15,12.86
19.23,70.94,4.1,17.13,23.97,3.22,14.55
18.88,61.94,3.45,22.19,24.46,0.02,12.42
18.84,63.62,3.02,21.02,24.65,0.49,13.26
18.68,71.38,2.88,19.36,22.69,5.0,13.82
16.72,69.88,4.01,20.69,21.6,3.79,11.65
19.44,57.38,0.98,27.36,25.77,0.0,12.12
23.14,55.31,2.23,23.15,30.51,0.04,13.84
25.26,64.06,1.94,26.61,31.28,0.39,18.15
21.57,82.75,1.75,16.11,24.74,6.51,18.1
22.33,62.81,1.68,25.47,27.17,0.06,16.94
23.54,56.69,2.61,24.89,30.25,0.08,15.99
20.05,62.56,3.05,23.5,25.12,0.46,14.83
19.36,63.81,2.2,19.2,24.48,0.34,13.08
22.29,53.62,3.25,25.47,29.57,0.01,14.2
21.42,60.94,4.72,13.46,26.04,1.06,16.18
19.65,58.56,4.09,23.08,24.9,0.15,14.33
19.1,60.56,2.56,24.39,25.07,0.26,12.48
21.69,56.31,1.23,24.08,28.77,0.0,12.82
20.33,61.0,3.0,21.69,25.73,0.0,14.87
19.54,65.25,1.48,22.38,25.73,0.32,12.37
18.9,60.19,2.45,19.84,25.04,0.82,13.63
19.52,54.19,3.03,22.89,25.29,0.0,12.6
19.13,71.88,4.26,13.01,23.62,3.85,15.52
19.53,74.12,3.21,16.59,24.01,10.9,15.45
16.51,72.94,2.8,13.39,20.6,8.79,11.91
17.9,67.88,2.49,21.23,23.2,0.43,10.55
19.97,78.25,4.1,13.01,24.26,5.59,15.87
20.6,84.56,3.13,10.64,25.8,13.19,17.31
20.01,78.31,3.18,15.93,25.49,6.46,14.92
19.3,68.31,3.35,19.52,24.7,0.5,14.68
19.04,77.94,5.3,12.28,22.87,12.81,15.11
18.94,77.69,4.34,17.72,22.26,6.37,14.98
19.57,76.5,7.36,17.03,23.71,15.4,15.98
16.9,85.81,3.68,10.92,20.28,8.41,13.69
17.13,78.75,1.83,17.08,21.66,1.39,12.37
15.9,79.5,4.62,11.37,20.3,2.23,10.81
16.12,69.5,4.82,17.89,21.02,0.61,12.3
16.85,71.69,2.31,20.18,22.52,0.07,10.4
17.8,71.69,2.22,18.42,23.75,0.01,11.42
19.44,77.5,1.85,14.98,24.27,0.25,14.07
21.14,69.44,1.51,19.13,27.12,0.01,13.68
22.25,76.75,1.91,19.06,27.33,7.68,16.58
21.19,76.19,2.48,16.26,26.06,5.79,15.94
19.25,67.19,2.05,19.14,24.8,0.03,14.57
21.26,68.06,2.52,15.92,28.42,0.64,15.05
20.93,73.81,1.95,16.48,26.14,0.42,16.12
20.74,72.19,2.16,15.46,26.93,0.02,14.61
22.06,75.75,2.3,21.31,28.19,0.26,17.9
24.07,70.94,2.26,15.54,31.69,0.81,16.91
23.52,70.88,2.27,12.73,27.92,0.35,20.05
23.71,67.12,1.62,22.12,30.05,0.03,18.09
21.86,65.88,1.65,23.57,28.75,0.01,15.19
23.62,63.38,1.47,21.54,30.71,0.0,16.09
24.41,64.56,1.55,18.81,31.83,0.01,16.31
22.15,75.44,2.36,8.56,25.54,8.33,19.7
20.3,75.06,2.48,8.91,24.73,0.62,14.08
17.5,68.5,2.63,17.57,22.83,0.74,12.15
16.41,72.75,2.58,17.9,22.21,0.46,11.18
16.39,73.5,2.11,13.86,22.08,0.57,10.94
16.6,70.88,1.31,15.11,21.81,0.1,10.17
15.96,70.94,2.78,12.55,21.09,0.49,11.52
15.9,81.0,2.56,9.48,20.33,5.25,11.05
19.16,81.88,3.07,12.16,24.01,2.96,15.65
21.34,71.19,1.8,19.89,28.84,0.09,15.3
22.8,69.62,2.73,19.27,30.4,0.02,16.21
22.06,61.69,3.09,20.19,30.07,0.01,14.9
24.62,57.25,2.03,19.18,32.96,0.0,15.44
24.09,57.56,1.67,20.59,32.57,0.0,17.6
23.51,57.06,1.44,20.47,32.19,0.01,14.16
26.4,50.19,1.35,19.65,34.05,0.0,18.98
25.95,54.19,1.9,19.67,33.6,0.0,19.15
26.43,50.12,2.11,19.11,33.96,0.0,18.86
23.63,69.19,2.05,13.8,29.78,0.7,18.64
19.28,89.69,1.2,5.8,23.12,11.87,16.64
19.22,78.62,1.51,10.32,24.25,0.43,14.83
18.69,74.62,0.98,15.41,24.1,0.05,13.6
20.12,65.06,2.09,18.44,27.39,0.0,13.2
20.52,72.31,1.7,12.13,27.0,0.05,14.12
20.55,80.44,1.76,12.33,26.2,2.55,15.8
19.06,76.62,4.1,14.87,23.37,6.49,14.18
17.33,72.94,4.03,13.77,23.11,0.03,12.01
19.76,69.31,4.63,15.35,25.23,0.07,15.21
16.33,84.31,3.7,4.66,18.58,22.77,12.2
13.12,83.06,3.23,11.66,16.74,5.39,10.48
13.44,75.94,2.03,13.94,18.8,0.19,8.58
14.12,67.06,2.5,17.35,21.31,0.0,7.37
16.14,69.88,1.7,15.67,23.55,0.01,9.13
16.47,70.62,1.88,13.93,22.71,0.0,12.17
18.07,72.75,2.43,13.38,25.7,0.05,12.35
17.8,81.94,2.24,12.87,22.5,0.05,12.42
17.58,78.25,3.43,9.58,22.69,0.24,11.76
15.23,79.19,1.22,12.95,21.87,0.05,9.67
18.1,71.62,2.07,15.25,26.01,0.01,11.25
19.42,67.12,2.36,14.65,27.79,0.03,11.75
16.75,76.56,3.71,8.92,20.15,2.61,10.26
13.51,77.94,1.69,12.06,19.46,0.09,9.49
13.65,72.88,1.14,11.11,20.18,0.03,8.25
13.94,66.5,1.53,14.32,21.68,0.03,7.33
15.9,70.5,1.76,13.59,24.11,0.01,9.1
17.96,66.56,1.41,13.48,25.89,0.03,12.55
18.01,67.06,1.06,12.94,25.26,0.06,12.82
18.14,65.06,1.74,12.58,26.65,0.0,11.98
17.69,69.44,2.76,12.54,25.08,0.0,11.07
18.08,85.31,2.91,7.18,23.1,2.01,14.17
18.87,74.94,5.7,8.88,24.49,0.74,13.76
12.59,73.31,2.97,7.63,16.8,0.58,7.26
9.23,70.31,2.31,11.78,14.46,0.04,5.35
7.96,69.06,3.72,10.51,12.98,0.0,4.58
10.24,75.75,3.37,10.25,17.74,0.03,4.24
14.62,89.31,5.02,4.2,18.66,5.2,10.04
16.62,85.5,3.76,9.57,22.08,6.13,12.77
14.8,88.62,2.48,7.25,18.96,7.92,12.52
12.73,83.38,6.88,7.35,16.19,6.57,10.11
12.02,83.19,3.34,8.27,16.68,0.98,8.02
9.77,93.69,2.91,2.52,12.04,7.32,7.4
11.94,82.5,3.05,9.15,16.42,2.95,9.29
12.52,88.5,3.99,4.41,15.81,8.94,9.26
11.83,94.44,2.82,5.12,13.78,16.18,9.18
11.34,91.62,3.88,6.4,15.53,3.81,8.88
12.48,90.0,6.12,4.44,14.83,9.93,9.7
12.77,83.94,5.5,5.13,16.55,1.57,9.61
10.33,96.62,2.77,2.22,13.53,7.74,7.31
11.44,88.5,3.66,5.16,15.4,1.2,7.23
11.08,89.44,5.24,3.96,13.88,3.81,9.5
10.84,75.31,9.21,7.44,12.95,3.05,6.63
7.51,89.38,4.3,5.17,11.33,0.24,4.94
10.54,87.12,6.75,4.63,14.65,10.32,7.58
11.19,84.06,6.23,4.96,14.37,3.34,8.09
9.87,87.5,4.29,6.72,13.54,1.79,7.32
8.51,87.81,4.23,7.55,12.41,0.71,6.42
8.72,87.94,5.31,5.67,11.67,9.85,6.37
9.08,88.88,4.96,5.17,11.95,3.1,6.64
8.06,90.62,5.55,4.81,10.72,2.94,6.19
7.46,89.94,2.56,5.72,12.11,0.63,5.58
9.05,95.31,3.36,2.9,12.94,8.37,5.55
13.39,93.06,5.54,1.9,17.26,6.58,10.06
11.06,91.31,5.04,1.78,14.4,2.67,8.57
10.09,89.0,3.55,5.4,13.72,0.52,7.82
8.19,95.81,3.54,2.11,11.07,14.25,6.31
7.87,90.56,2.6,5.44,12.39,1.41,5.0
9.43,94.38,4.62,1.39,13.0,16.13,6.7
12.12,87.31,4.77,6.26,15.31,0.31,9.33
9.66,90.62,4.48,4.35,12.19,1.78,8.12
9.3,95.06,2.63,3.36,12.07,1.33,6.77
6.12,82.94,2.49,6.21,9.24,0.05,3.46
8.9,95.88,2.55,3.48,12.42,0.33,4.35
6.93,82.62,3.82,3.12,10.25,0.18,2.08
2.96,87.81,2.83,5.83,8.12,0.03,-0.82
1.92,92.31,2.05,4.41,5.5,0.04,-1.13
4.65,94.31,4.38,1.11,7.83,10.53,2.24
3.17,86.38,2.38,3.54,5.83,0.32,0.27
2.72,97.19,1.91,4.18,6.65,0.51,0.94
1.84,90.88,1.94,4.96,4.95,0.7,-0.45
0.15,91.88,2.68,2.44,4.12,0.07,-2.18
-1.49,92.5,1.8,4.74,3.1,0.03,-4.67
-0.83,82.44,4.08,2.63,2.46,0.26,-3.52
3.59,90.88,5.44,2.42,7.01,12.33,-0.35
5.76,95.06,4.48,1.79,7.3,5.96,4.34
3.6,93.0,1.31,3.77,7.87,0.08,1.36
3.05,90.88,4.08,2.1,4.87,6.9,1.53
6.32,97.88,2.7,2.56,8.76,0.91,3.92
8.69,94.06,6.35,1.31,14.08,16.83,5.61
9.68,93.88,5.8,2.57,12.2,2.59,7.18
10.19,93.62,3.77,3.33,12.6,0.55,8.12
9.94,93.5,3.88,2.45,13.13,1.74,7.54
7.58,94.81,3.49,2.56,9.96,1.93,6.49
6.59,92.25,2.91,2.02,7.97,0.87,4.83
6.96,92.94,1.2,2.5,10.39,0.69,5.23
3.79,96.31,1.13,4.1,7.98,0.03,0.69
0.87,94.88,1.81,4.34,6.25,0.04,-2.03
0.26,93.06,2.61,1.7,3.96,0.18,-1.24
3.98,93.88,4.5,1.61,7.64,3.9,0.04
6.38,94.81,3.89,3.64,9.73,0.93,2.93
9.9,92.19,6.23,1.49,11.62,1.25,8.53
9.19,89.69,5.78,2.28,11.77,0.77,6.52
8.78,92.88,5.24,1.93,11.62,0.35,6.34
10.16,90.31,6.41,2.07,11.73,0.54,8.58
10.19,92.94,5.32,1.86,11.74,0.4,7.83
9.48,92.19,3.3,1.9,11.23,0.82,8.33
7.3,86.38,4.89,3.71,9.3,0.5,5.86
8.87,91.94,5.3,2.27,11.33,0.18,7.32
8.98,93.88,5.37,2.23,10.86,1.09,7.23
8.26,93.69,4.69,2.94,10.86,0.43,6.75
8.44,84.44,7.25,4.45,10.56,1.85,5.64
6.86,89.44,5.48,3.91,9.75,4.36,4.35
10.96,90.38,9.0,1.04,12.37,14.13,8.93
10.15,86.06,7.84,2.75,11.91,6.52,8.7
8.09,92.69,5.5,3.09,9.7,0.63,5.4
6.45,87.5,3.92,5.27,9.22,0.18,2.88
3.98,91.94,3.14,2.51,7.08,0.27,1.98
1.37,88.31,4.03,1.5,3.62,0.16,-3.02
-2.88,87.25,3.91,2.18,-0.45,0.44,-5.01
-2.45,82.62,3.3,2.83,-1.56,0.67,-3.28
-1.61,91.0,2.19,3.68,0.97,0.07,-2.87
-2.26,87.62,3.3,6.07,1.89,0.0,-4.07
-1.05,92.75,2.12,3.16,2.76,0.06,-3.58
-1.92,90.19,1.06,2.09,-0.07,0.1,-3.4
-2.99,88.69,1.34,2.32,-0.45,0.08,-4.69
-0.72,87.38,2.06,5.46,3.76,0.3,-2.78
-2.67,86.5,1.41,6.23,2.62,0.11,-6.28
0.62,96.56,2.77,2.23,5.44,20.56,-2.78
-2.7,93.88,3.27,5.44,1.48,4.32,-6.62
-3.31,94.25,1.01,4.26,2.11,0.05,-6.27
-4.02,90.75,2.26,7.11,1.17,0.05,-6.99
0.98,92.75,5.7,3.24,4.13,0.21,-3.64
6.36,95.0,6.48,3.28,9.75,2.73,4.08
7.19,95.88,5.16,2.78,11.76,0.78,2.96
11.05,91.06,4.73,4.9,13.41,0.67,8.03
9.54,96.75,2.35,3.55,12.08,1.98,7.57
7.07,85.69,3.52,4.8,11.8,1.52,1.3
1.55,88.75,1.93,6.46,7.44,0.03,-1.41
2.77,91.19,3.0,5.98,7.92,0.04,-1.87
7.69,95.81,3.24,6.46,11.79,0.13,4.47
8.05,91.69,2.5,3.21,11.55,0.11,4.55
6.3,89.38,2.22,4.0,11.01,0.01,2.97
